-- MySQL dump 10.13  Distrib 8.0.42, for Win64 (x86_64)
--
-- Host: localhost    Database: saaslearn
-- ------------------------------------------------------
-- Server version	8.0.42

/*!40101 SET @OLD_CHARACTER_SET_CLIENT=@@CHARACTER_SET_CLIENT */;
/*!40101 SET @OLD_CHARACTER_SET_RESULTS=@@CHARACTER_SET_RESULTS */;
/*!40101 SET @OLD_COLLATION_CONNECTION=@@COLLATION_CONNECTION */;
/*!50503 SET NAMES utf8mb4 */;
/*!40103 SET @OLD_TIME_ZONE=@@TIME_ZONE */;
/*!40103 SET TIME_ZONE='+00:00' */;
/*!40014 SET @OLD_UNIQUE_CHECKS=@@UNIQUE_CHECKS, UNIQUE_CHECKS=0 */;
/*!40014 SET @OLD_FOREIGN_KEY_CHECKS=@@FOREIGN_KEY_CHECKS, FOREIGN_KEY_CHECKS=0 */;
/*!40101 SET @OLD_SQL_MODE=@@SQL_MODE, SQL_MODE='NO_AUTO_VALUE_ON_ZERO' */;
/*!40111 SET @OLD_SQL_NOTES=@@SQL_NOTES, SQL_NOTES=0 */;

--
-- Table structure for table `biz_contract`
--

DROP TABLE IF EXISTS `biz_contract`;
/*!40101 SET @saved_cs_client     = @@character_set_client */;
/*!50503 SET character_set_client = utf8mb4 */;
CREATE TABLE `biz_contract` (
  `id` bigint NOT NULL AUTO_INCREMENT COMMENT '主键ID',
  `contract_no` varchar(50) NOT NULL COMMENT '合同编号',
  `customer_id` bigint NOT NULL COMMENT '关联客户ID',
  `customer_name` varchar(100) NOT NULL COMMENT '客户名称（冗余，方便查询）',
  `sign_date` date DEFAULT NULL COMMENT '签订日期',
  `expire_date` date DEFAULT NULL COMMENT '到期日期',
  `contract_amount` decimal(12,2) DEFAULT NULL COMMENT '合同金额（元）',
  `service_content` varchar(500) DEFAULT NULL COMMENT '服务内容: 智慧燃气系统部署、运维、售后等',
  `payment_method` varchar(50) DEFAULT NULL COMMENT '付款方式: 一次性付款/分期付款/按季度付款/按年度付款/其他',
  `person_in_charge_id` bigint DEFAULT NULL COMMENT '负责人ID',
  `person_in_charge` varchar(50) DEFAULT NULL COMMENT '负责人姓名',
  `contract_status` varchar(20) NOT NULL DEFAULT '未生效' COMMENT '合同状态: 未生效/已生效/已到期/已终止',
  `remark` varchar(500) DEFAULT NULL COMMENT '备注',
  `tenant_id` bigint NOT NULL COMMENT '租户ID，数据隔离',
  `create_time` datetime DEFAULT CURRENT_TIMESTAMP COMMENT '创建时间',
  `update_time` datetime DEFAULT CURRENT_TIMESTAMP ON UPDATE CURRENT_TIMESTAMP COMMENT '更新时间',
  `deleted` tinyint(1) NOT NULL DEFAULT '0' COMMENT '逻辑删除: 0-未删除, 1-已删除',
  PRIMARY KEY (`id`),
  UNIQUE KEY `uk_contract_no` (`contract_no`,`tenant_id`),
  KEY `idx_customer_id` (`customer_id`),
  KEY `idx_contract_status` (`contract_status`),
  KEY `idx_expire_date` (`expire_date`),
  KEY `idx_sign_date` (`sign_date`),
  KEY `idx_tenant_id` (`tenant_id`),
  KEY `idx_person_in_charge_id` (`person_in_charge_id`)
) ENGINE=InnoDB AUTO_INCREMENT=33 DEFAULT CHARSET=utf8mb4 COLLATE=utf8mb4_0900_ai_ci COMMENT='合同信息表';
/*!40101 SET character_set_client = @saved_cs_client */;

--
-- Dumping data for table `biz_contract`
--

LOCK TABLES `biz_contract` WRITE;
/*!40000 ALTER TABLE `biz_contract` DISABLE KEYS */;
INSERT INTO `biz_contract` VALUES (17,'1',14,'1','2026-05-15','2026-05-30',NULL,NULL,NULL,NULL,NULL,'已生效',NULL,0,'2026-05-15 15:22:17','2026-05-26 08:50:42',1),(18,'2',18,'2','2026-05-21','2026-05-30',NULL,NULL,NULL,NULL,NULL,'已生效',NULL,0,'2026-05-21 11:39:40','2026-05-25 11:07:40',1),(25,'123',30,'13','2026-05-25','2026-05-31',NULL,NULL,NULL,NULL,NULL,'已生效',NULL,0,'2026-05-25 13:58:36','2026-05-25 13:58:38',1),(27,'134',30,'13','2026-05-25','2026-05-31',NULL,NULL,NULL,NULL,NULL,'已生效',NULL,0,'2026-05-25 14:40:18','2026-05-25 14:40:20',1),(30,'13',36,'213','2026-05-25','2026-05-31',NULL,NULL,NULL,NULL,NULL,'已生效',NULL,2,'2026-05-25 14:46:27','2026-05-25 14:46:27',0),(31,'HT202605268235',36,'213','2026-05-26','2026-05-31',NULL,NULL,'一次性付款',NULL,NULL,'已生效',NULL,0,'2026-05-26 08:50:37','2026-05-26 08:50:37',0),(32,'HT202605264678',37,'1','2026-05-26','2026-05-31',NULL,NULL,'一次性付款',NULL,NULL,'已生效',NULL,0,'2026-05-26 11:04:26','2026-05-26 11:04:26',0);
/*!40000 ALTER TABLE `biz_contract` ENABLE KEYS */;
UNLOCK TABLES;

--
-- Table structure for table `biz_contract_attachment`
--

DROP TABLE IF EXISTS `biz_contract_attachment`;
/*!40101 SET @saved_cs_client     = @@character_set_client */;
/*!50503 SET character_set_client = utf8mb4 */;
CREATE TABLE `biz_contract_attachment` (
  `id` bigint NOT NULL AUTO_INCREMENT COMMENT '主键ID',
  `contract_id` bigint NOT NULL COMMENT '关联合同ID',
  `file_name` varchar(200) NOT NULL COMMENT '文件名',
  `file_path` varchar(500) NOT NULL COMMENT '文件存储路径',
  `file_type` varchar(50) DEFAULT NULL COMMENT '文件类型: 合同扫描件/附件/其他',
  `file_size` bigint DEFAULT NULL COMMENT '文件大小(字节)',
  `tenant_id` bigint NOT NULL COMMENT '租户ID，数据隔离',
  `create_time` datetime DEFAULT CURRENT_TIMESTAMP COMMENT '创建时间',
  `update_time` datetime DEFAULT CURRENT_TIMESTAMP ON UPDATE CURRENT_TIMESTAMP COMMENT '更新时间',
  `deleted` tinyint(1) NOT NULL DEFAULT '0' COMMENT '逻辑删除: 0-未删除, 1-已删除',
  PRIMARY KEY (`id`),
  KEY `idx_contract_id` (`contract_id`),
  KEY `idx_tenant_id` (`tenant_id`)
) ENGINE=InnoDB AUTO_INCREMENT=14 DEFAULT CHARSET=utf8mb4 COLLATE=utf8mb4_0900_ai_ci COMMENT='合同附件表';
/*!40101 SET character_set_client = @saved_cs_client */;

--
-- Dumping data for table `biz_contract_attachment`
--

LOCK TABLES `biz_contract_attachment` WRITE;
/*!40000 ALTER TABLE `biz_contract_attachment` DISABLE KEYS */;
INSERT INTO `biz_contract_attachment` VALUES (1,3,'9.png','f8fd6d13-6796-4fe0-8a12-2ed881105eee.png','合同扫描件',160844,0,'2026-05-15 09:10:59','2026-05-15 09:11:05',1),(2,13,'4.png','bc62e2f9-b101-4e94-b3a6-aa255b12114a.png','合同扫描件',71705,0,'2026-05-15 14:02:46','2026-05-15 14:02:48',1),(3,15,'1.png','9b89b50b-8777-428f-a1b0-a036605a9903.png','合同扫描件',8553,0,'2026-05-15 14:12:50','2026-05-15 14:13:22',1),(4,15,'2.png','01f8e98f-6bc6-42ce-ad0b-274da6398337.png','合同扫描件',31986,0,'2026-05-15 14:13:00','2026-05-15 14:13:20',1),(5,15,'4.png','bb7fde23-2b7e-49f6-a22e-9af5aa3d5a0b.png','合同扫描件',71705,0,'2026-05-15 14:13:08','2026-05-15 14:13:19',1),(6,16,'6.png','5756ce4a-1ff9-4a46-a70e-19f0e01545a5.png','合同扫描件',170449,0,'2026-05-15 14:27:50','2026-05-15 14:27:58',1),(7,15,'23.png','221d4442-edd1-46b0-9e0a-5477e90a164e.png','合同扫描件',175145,0,'2026-05-15 14:32:29','2026-05-15 14:32:29',0),(8,20,'3.png','67bb0592-cadf-4cea-8fe1-81a199929381.png','合同扫描件',67431,2,'2026-05-21 12:19:42','2026-05-21 12:19:42',0),(9,17,'1.png','88fe6fee-5079-4380-81b9-ad5d32b2a0fd.png','合同扫描件',8553,0,'2026-05-21 12:25:37','2026-05-21 12:25:49',1),(10,17,'1.png','dcfdc83e-6bd7-4d1d-bc56-43cf5f0fadd7.png','合同扫描件',8553,0,'2026-05-21 12:26:07','2026-05-25 14:49:45',1),(11,18,'20 杨从增.doc','0859dd3e-2e79-4349-9362-10ac77987fcd.doc','合同扫描件',1302016,0,'2026-05-25 10:54:48','2026-05-25 10:54:52',1),(12,24,'20 杨从增.doc','d1f41002-a1a2-4b2a-bf1c-64edd9e6d8e4.doc','合同扫描件',1302016,0,'2026-05-25 12:28:20','2026-05-25 12:28:20',0),(13,17,'1_大学生职业生涯规划书-曹靖函29号.docx','787c70a3-2076-459b-8c49-5db27d3d6729.docx','合同扫描件',19674,0,'2026-05-25 14:49:48','2026-05-25 14:49:48',0);
/*!40000 ALTER TABLE `biz_contract_attachment` ENABLE KEYS */;
UNLOCK TABLES;

--
-- Table structure for table `biz_contract_modify_log`
--

DROP TABLE IF EXISTS `biz_contract_modify_log`;
/*!40101 SET @saved_cs_client     = @@character_set_client */;
/*!50503 SET character_set_client = utf8mb4 */;
CREATE TABLE `biz_contract_modify_log` (
  `id` bigint NOT NULL AUTO_INCREMENT COMMENT '主键ID',
  `contract_id` bigint NOT NULL COMMENT '关联合同ID',
  `field_name` varchar(50) NOT NULL COMMENT '修改字段名',
  `old_value` varchar(500) DEFAULT NULL COMMENT '修改前的值',
  `new_value` varchar(500) DEFAULT NULL COMMENT '修改后的值',
  `modify_user_id` bigint DEFAULT NULL COMMENT '修改人ID',
  `modify_user` varchar(50) DEFAULT NULL COMMENT '修改人用户名',
  `modify_time` datetime DEFAULT CURRENT_TIMESTAMP COMMENT '修改时间',
  `tenant_id` bigint NOT NULL COMMENT '租户ID，数据隔离',
  `create_time` datetime DEFAULT CURRENT_TIMESTAMP COMMENT '创建时间',
  `update_time` datetime DEFAULT CURRENT_TIMESTAMP ON UPDATE CURRENT_TIMESTAMP COMMENT '更新时间',
  `deleted` tinyint(1) NOT NULL DEFAULT '0' COMMENT '逻辑删除: 0-未删除, 1-已删除',
  PRIMARY KEY (`id`),
  KEY `idx_contract_id` (`contract_id`),
  KEY `idx_tenant_id` (`tenant_id`)
) ENGINE=InnoDB AUTO_INCREMENT=34 DEFAULT CHARSET=utf8mb4 COLLATE=utf8mb4_0900_ai_ci COMMENT='合同修改记录表';
/*!40101 SET character_set_client = @saved_cs_client */;

--
-- Dumping data for table `biz_contract_modify_log`
--

LOCK TABLES `biz_contract_modify_log` WRITE;
/*!40000 ALTER TABLE `biz_contract_modify_log` DISABLE KEYS */;
INSERT INTO `biz_contract_modify_log` VALUES (1,1,'signDate','2026-05-01','2026-05-15',1,'admin','2026-05-15 09:05:02',0,'2026-05-15 09:05:02','2026-05-15 09:05:02',0),(2,1,'expireDate','2026-05-09','2026-05-30',1,'admin','2026-05-15 09:05:02',0,'2026-05-15 09:05:02','2026-05-15 09:05:02',0),(3,1,'contractAmount','500000.00','500000',1,'admin','2026-05-15 09:05:02',0,'2026-05-15 09:05:02','2026-05-15 09:05:02',0),(4,1,'contractStatus','未生效','已生效',1,'admin','2026-05-15 09:05:11',0,'2026-05-15 09:05:11','2026-05-15 09:05:11',0),(5,2,'contractStatus','未生效','已生效',1,'admin','2026-05-15 09:09:45',0,'2026-05-15 09:09:45','2026-05-15 09:09:45',0),(6,2,'contractStatus','已生效','已到期',1,'admin','2026-05-15 09:09:55',0,'2026-05-15 09:09:55','2026-05-15 09:09:55',0),(7,3,'contractStatus','未生效','已生效',1,'admin','2026-05-15 09:10:42',0,'2026-05-15 09:10:42','2026-05-15 09:10:42',0),(8,3,'contractAmount','500000.00','500000',1,'admin','2026-05-15 09:10:59',0,'2026-05-15 09:10:59','2026-05-15 09:10:59',0),(9,3,'contractStatus','已生效','已终止',1,'admin','2026-05-15 09:11:21',0,'2026-05-15 09:11:21','2026-05-15 09:11:21',0),(10,4,'contractStatus','未生效','已生效',1,'admin','2026-05-15 09:11:52',0,'2026-05-15 09:11:52','2026-05-15 09:11:52',0),(11,5,'contractStatus','未生效','已生效',1,'admin','2026-05-15 09:22:22',0,'2026-05-15 09:22:22','2026-05-15 09:22:22',0),(12,5,'contractStatus','已生效','已到期',1,'admin','2026-05-15 09:22:30',0,'2026-05-15 09:22:30','2026-05-15 09:22:30',0),(13,6,'contractStatus','未生效','已生效',1,'admin','2026-05-15 09:29:50',0,'2026-05-15 09:29:50','2026-05-15 09:29:50',0),(14,6,'contractStatus','已生效','已到期',1,'admin','2026-05-15 09:46:10',0,'2026-05-15 09:46:10','2026-05-15 09:46:10',0),(15,7,'contractStatus','未生效','已生效',1,'admin','2026-05-15 10:04:08',0,'2026-05-15 10:04:08','2026-05-15 10:04:08',0),(16,7,'contractStatus','已生效','已到期',1,'admin','2026-05-15 10:04:16',0,'2026-05-15 10:04:16','2026-05-15 10:04:16',0),(17,8,'contractStatus','未生效','已生效',1,'admin','2026-05-15 13:16:07',0,'2026-05-15 13:16:07','2026-05-15 13:16:07',0),(18,9,'contractStatus','未生效','已生效',1,'admin','2026-05-15 13:17:42',0,'2026-05-15 13:17:42','2026-05-15 13:17:42',0),(19,10,'contractStatus','未生效','已生效',1,'admin','2026-05-15 13:19:47',0,'2026-05-15 13:19:47','2026-05-15 13:19:47',0),(20,10,'contractStatus','已生效','已终止',1,'admin','2026-05-15 13:19:53',0,'2026-05-15 13:19:53','2026-05-15 13:19:53',0),(21,13,'contractStatus','未生效','已生效',1,'admin','2026-05-15 13:40:16',0,'2026-05-15 13:40:16','2026-05-15 13:40:16',0),(22,13,'contractType','智慧燃气系统部署','',1,'admin','2026-05-15 13:53:37',0,'2026-05-15 13:53:37','2026-05-15 13:53:37',0),(23,13,'expireDate','2026-05-30','2027-05-21',1,'admin','2026-05-15 13:53:37',0,'2026-05-15 13:53:37','2026-05-15 13:53:37',0),(24,13,'contractType','智慧燃气系统部署','',1,'admin','2026-05-15 13:53:45',0,'2026-05-15 13:53:45','2026-05-15 13:53:45',0),(25,13,'expireDate','2027-05-21','2026-05-30',1,'admin','2026-05-15 13:53:45',0,'2026-05-15 13:53:45','2026-05-15 13:53:45',0),(26,18,'contractNo','2','',1,'admin','2026-05-25 10:54:48',0,'2026-05-25 10:54:48','2026-05-25 10:54:48',0),(27,18,'signDate','2026-05-21','',1,'admin','2026-05-25 10:54:48',0,'2026-05-25 10:54:48','2026-05-25 10:54:48',0),(28,18,'contractNo','2','',1,'admin','2026-05-25 10:54:54',0,'2026-05-25 10:54:54','2026-05-25 10:54:54',0),(29,18,'signDate','2026-05-21','',1,'admin','2026-05-25 10:54:54',0,'2026-05-25 10:54:54','2026-05-25 10:54:54',0),(30,24,'contractNo','13','',1,'admin','2026-05-25 12:28:19',0,'2026-05-25 12:28:19','2026-05-25 12:28:19',0),(31,24,'signDate','2026-05-25','',1,'admin','2026-05-25 12:28:19',0,'2026-05-25 12:28:19','2026-05-25 12:28:19',0),(32,17,'contractNo','1','',1,'admin','2026-05-25 14:49:47',0,'2026-05-25 14:49:47','2026-05-25 14:49:47',0),(33,17,'signDate','2026-05-15','',1,'admin','2026-05-25 14:49:47',0,'2026-05-25 14:49:47','2026-05-25 14:49:47',0);
/*!40000 ALTER TABLE `biz_contract_modify_log` ENABLE KEYS */;
UNLOCK TABLES;

--
-- Table structure for table `biz_contract_reminder`
--

DROP TABLE IF EXISTS `biz_contract_reminder`;
/*!40101 SET @saved_cs_client     = @@character_set_client */;
/*!50503 SET character_set_client = utf8mb4 */;
CREATE TABLE `biz_contract_reminder` (
  `id` bigint NOT NULL AUTO_INCREMENT COMMENT '主键ID',
  `contract_id` bigint NOT NULL COMMENT '关联合同ID',
  `contract_no` varchar(50) NOT NULL COMMENT '合同编号（冗余）',
  `customer_name` varchar(100) DEFAULT NULL COMMENT '客户名称（冗余）',
  `remind_days` int NOT NULL DEFAULT '30' COMMENT '提前提醒天数: 30/15/7等',
  `remind_date` date NOT NULL COMMENT '提醒日期（到期日期-提前天数）',
  `person_in_charge_id` bigint DEFAULT NULL COMMENT '负责人ID',
  `person_in_charge` varchar(50) DEFAULT NULL COMMENT '负责人姓名',
  `is_read` tinyint(1) NOT NULL DEFAULT '0' COMMENT '是否已读: 0-未读, 1-已读',
  `is_handled` tinyint(1) NOT NULL DEFAULT '0' COMMENT '是否已处理: 0-未处理, 1-已处理',
  `tenant_id` bigint NOT NULL COMMENT '租户ID，数据隔离',
  `create_time` datetime DEFAULT CURRENT_TIMESTAMP COMMENT '创建时间',
  `update_time` datetime DEFAULT CURRENT_TIMESTAMP ON UPDATE CURRENT_TIMESTAMP COMMENT '更新时间',
  `deleted` tinyint(1) NOT NULL DEFAULT '0' COMMENT '逻辑删除: 0-未删除, 1-已删除',
  PRIMARY KEY (`id`),
  KEY `idx_contract_id` (`contract_id`),
  KEY `idx_remind_date` (`remind_date`),
  KEY `idx_is_read` (`is_read`),
  KEY `idx_tenant_id` (`tenant_id`)
) ENGINE=InnoDB AUTO_INCREMENT=71 DEFAULT CHARSET=utf8mb4 COLLATE=utf8mb4_0900_ai_ci COMMENT='合同到期提醒表';
/*!40101 SET character_set_client = @saved_cs_client */;

--
-- Dumping data for table `biz_contract_reminder`
--

LOCK TABLES `biz_contract_reminder` WRITE;
/*!40000 ALTER TABLE `biz_contract_reminder` DISABLE KEYS */;
INSERT INTO `biz_contract_reminder` VALUES (1,1,'1','1',15,'2026-05-15',NULL,'1',0,0,0,'2026-05-15 09:05:02','2026-05-15 09:05:02',0),(2,1,'1','1',7,'2026-05-23',NULL,'1',0,0,0,'2026-05-15 09:05:02','2026-05-15 09:05:02',0),(3,2,'1','1',15,'2026-05-16',NULL,'1',0,0,0,'2026-05-15 09:09:33','2026-05-15 09:09:54',1),(4,2,'1','1',7,'2026-05-24',NULL,'1',0,0,0,'2026-05-15 09:09:33','2026-05-15 09:09:54',1),(5,8,'1','1',15,'2026-05-15',NULL,NULL,0,0,0,'2026-05-15 13:16:00','2026-05-15 13:16:00',0),(6,8,'1','1',7,'2026-05-23',NULL,NULL,0,0,0,'2026-05-15 13:16:00','2026-05-15 13:16:00',0),(7,9,'1','1',15,'2026-05-15',NULL,NULL,0,0,0,'2026-05-15 13:17:07','2026-05-15 13:17:07',0),(8,9,'1','1',7,'2026-05-23',NULL,NULL,0,0,0,'2026-05-15 13:17:07','2026-05-15 13:17:07',0),(9,10,'1','1',15,'2026-05-15',NULL,NULL,0,0,0,'2026-05-15 13:19:44','2026-05-15 13:19:52',1),(10,10,'1','1',7,'2026-05-23',NULL,NULL,0,0,0,'2026-05-15 13:19:44','2026-05-15 13:19:52',1),(11,11,'1','1',15,'2026-05-15',NULL,NULL,0,0,0,'2026-05-15 13:21:42','2026-05-15 13:21:42',0),(12,11,'1','1',7,'2026-05-23',NULL,NULL,0,0,0,'2026-05-15 13:21:42','2026-05-15 13:21:42',0),(13,12,'2','1',15,'2026-05-15',NULL,NULL,0,0,0,'2026-05-15 13:21:54','2026-05-15 13:21:54',0),(14,12,'2','1',7,'2026-05-23',NULL,NULL,0,0,0,'2026-05-15 13:21:54','2026-05-15 13:21:54',0),(15,13,'1','1',15,'2026-05-15',NULL,NULL,0,0,0,'2026-05-15 13:26:26','2026-05-15 13:53:37',1),(16,13,'1','1',7,'2026-05-23',NULL,NULL,0,0,0,'2026-05-15 13:26:26','2026-05-15 13:53:37',1),(17,13,'1','1',30,'2027-04-21',NULL,NULL,0,0,0,'2026-05-15 13:53:37','2026-05-15 13:53:45',1),(18,13,'1','1',15,'2027-05-06',NULL,NULL,0,0,0,'2026-05-15 13:53:37','2026-05-15 13:53:45',1),(19,13,'1','1',7,'2027-05-14',NULL,NULL,0,0,0,'2026-05-15 13:53:37','2026-05-15 13:53:45',1),(20,13,'1','1',15,'2026-05-15',NULL,NULL,0,0,0,'2026-05-15 13:53:45','2026-05-15 13:53:45',0),(21,13,'1','1',7,'2026-05-23',NULL,NULL,0,0,0,'2026-05-15 13:53:45','2026-05-15 13:53:45',0),(22,14,'2','1',15,'2026-05-15',NULL,NULL,0,0,0,'2026-05-15 13:58:09','2026-05-15 13:58:09',0),(23,14,'2','1',7,'2026-05-23',NULL,NULL,0,0,0,'2026-05-15 13:58:09','2026-05-15 13:58:09',0),(24,15,'1','1',15,'2026-05-15',NULL,NULL,0,0,0,'2026-05-15 14:12:50','2026-05-15 14:12:59',1),(25,15,'1','1',7,'2026-05-23',NULL,NULL,0,0,0,'2026-05-15 14:12:50','2026-05-15 14:12:59',1),(26,15,'1','1',15,'2026-05-15',NULL,NULL,0,0,0,'2026-05-15 14:13:00','2026-05-15 14:32:28',1),(27,15,'1','1',7,'2026-05-23',NULL,NULL,0,0,0,'2026-05-15 14:13:00','2026-05-15 14:32:28',1),(28,15,'1','1',15,'2026-05-15',NULL,NULL,0,0,0,'2026-05-15 14:32:28','2026-05-15 14:32:28',0),(29,15,'1','1',7,'2026-05-23',NULL,NULL,0,0,0,'2026-05-15 14:32:28','2026-05-15 14:32:28',0),(30,17,'1','1',15,'2026-05-15',NULL,NULL,0,0,0,'2026-05-15 15:22:17','2026-05-21 12:25:37',1),(31,17,'1','1',7,'2026-05-23',NULL,NULL,0,0,0,'2026-05-15 15:22:17','2026-05-21 12:25:37',1),(32,18,'2','2',7,'2026-05-23',NULL,NULL,0,0,0,'2026-05-21 11:39:40','2026-05-25 10:54:47',1),(33,19,'1','1',7,'2026-05-23',NULL,NULL,0,0,2,'2026-05-21 12:18:17','2026-05-21 12:18:17',0),(34,20,'1','1',7,'2026-05-23',NULL,NULL,0,0,2,'2026-05-21 12:19:42','2026-05-21 12:19:42',0),(35,17,'1','1',7,'2026-05-23',NULL,NULL,0,0,0,'2026-05-21 12:25:37','2026-05-21 12:25:50',1),(36,17,'1','1',7,'2026-05-23',NULL,NULL,0,0,0,'2026-05-21 12:25:50','2026-05-21 12:26:06',1),(37,17,'1','1',7,'2026-05-23',NULL,NULL,0,0,0,'2026-05-21 12:26:06','2026-05-25 14:49:47',1),(38,21,'1','1',7,'2026-05-23',NULL,NULL,0,0,2,'2026-05-21 13:51:53','2026-05-21 13:51:53',0),(39,22,'1','13',7,'2026-05-23',NULL,NULL,0,0,2,'2026-05-22 11:13:00','2026-05-22 11:13:00',0),(40,23,'13','1',7,'2026-05-24',NULL,NULL,0,0,2,'2026-05-22 11:38:44','2026-05-22 11:38:44',0),(41,18,'2','2',30,'2026-04-30',NULL,NULL,0,0,0,'2026-05-25 10:54:48','2026-05-25 10:54:54',1),(42,18,'2','2',15,'2026-05-15',NULL,NULL,0,0,0,'2026-05-25 10:54:48','2026-05-25 10:54:54',1),(43,18,'2','2',7,'2026-05-23',NULL,NULL,0,0,0,'2026-05-25 10:54:48','2026-05-25 10:54:54',1),(44,18,'2','2',30,'2026-04-30',NULL,NULL,0,0,0,'2026-05-25 10:54:54','2026-05-25 10:54:54',0),(45,18,'2','2',15,'2026-05-15',NULL,NULL,0,0,0,'2026-05-25 10:54:54','2026-05-25 10:54:54',0),(46,18,'2','2',7,'2026-05-23',NULL,NULL,0,0,0,'2026-05-25 10:54:54','2026-05-25 10:54:54',0),(47,24,'13','13',30,'2026-05-01',NULL,NULL,0,0,0,'2026-05-25 12:28:06','2026-05-25 12:28:19',1),(48,24,'13','13',15,'2026-05-16',NULL,NULL,0,0,0,'2026-05-25 12:28:06','2026-05-25 12:28:19',1),(49,24,'13','13',7,'2026-05-24',NULL,NULL,0,0,0,'2026-05-25 12:28:06','2026-05-25 12:28:19',1),(50,24,'13','13',30,'2026-05-01',NULL,NULL,0,0,0,'2026-05-25 12:28:19','2026-05-25 12:28:19',0),(51,24,'13','13',15,'2026-05-16',NULL,NULL,0,0,0,'2026-05-25 12:28:19','2026-05-25 12:28:19',0),(52,24,'13','13',7,'2026-05-24',NULL,NULL,0,0,0,'2026-05-25 12:28:19','2026-05-25 12:28:19',0),(53,25,'123','13',30,'2026-05-01',NULL,NULL,0,0,0,'2026-05-25 13:58:36','2026-05-25 13:58:36',0),(54,25,'123','13',15,'2026-05-16',NULL,NULL,0,0,0,'2026-05-25 13:58:36','2026-05-25 13:58:36',0),(55,25,'123','13',7,'2026-05-24',NULL,NULL,0,0,0,'2026-05-25 13:58:36','2026-05-25 13:58:36',0),(56,27,'134','13',30,'2026-05-01',NULL,NULL,0,0,0,'2026-05-25 14:40:18','2026-05-25 14:40:18',0),(57,27,'134','13',15,'2026-05-16',NULL,NULL,0,0,0,'2026-05-25 14:40:18','2026-05-25 14:40:18',0),(58,27,'134','13',7,'2026-05-24',NULL,NULL,0,0,0,'2026-05-25 14:40:18','2026-05-25 14:40:18',0),(59,30,'13','213',30,'2026-05-01',NULL,NULL,0,0,2,'2026-05-25 14:46:27','2026-05-25 14:46:27',0),(60,30,'13','213',15,'2026-05-16',NULL,NULL,0,0,2,'2026-05-25 14:46:27','2026-05-25 14:46:27',0),(61,30,'13','213',7,'2026-05-24',NULL,NULL,0,0,2,'2026-05-25 14:46:27','2026-05-25 14:46:27',0),(62,17,'1','1',30,'2026-04-30',NULL,NULL,0,0,0,'2026-05-25 14:49:48','2026-05-25 14:49:48',0),(63,17,'1','1',15,'2026-05-15',NULL,NULL,0,0,0,'2026-05-25 14:49:48','2026-05-25 14:49:48',0),(64,17,'1','1',7,'2026-05-23',NULL,NULL,0,0,0,'2026-05-25 14:49:48','2026-05-25 14:49:48',0),(65,31,'HT202605268235','213',30,'2026-05-01',NULL,NULL,0,0,0,'2026-05-26 08:50:37','2026-05-26 08:50:37',0),(66,31,'HT202605268235','213',15,'2026-05-16',NULL,NULL,0,0,0,'2026-05-26 08:50:37','2026-05-26 08:50:37',0),(67,31,'HT202605268235','213',7,'2026-05-24',NULL,NULL,0,0,0,'2026-05-26 08:50:37','2026-05-26 08:50:37',0),(68,32,'HT202605264678','1',30,'2026-05-01',NULL,NULL,0,0,0,'2026-05-26 11:04:26','2026-05-26 11:04:26',0),(69,32,'HT202605264678','1',15,'2026-05-16',NULL,NULL,0,0,0,'2026-05-26 11:04:26','2026-05-26 11:04:26',0),(70,32,'HT202605264678','1',7,'2026-05-24',NULL,NULL,0,0,0,'2026-05-26 11:04:26','2026-05-26 11:04:26',0);
/*!40000 ALTER TABLE `biz_contract_reminder` ENABLE KEYS */;
UNLOCK TABLES;

--
-- Table structure for table `biz_customer`
--

DROP TABLE IF EXISTS `biz_customer`;
/*!40101 SET @saved_cs_client     = @@character_set_client */;
/*!50503 SET character_set_client = utf8mb4 */;
CREATE TABLE `biz_customer` (
  `id` bigint NOT NULL AUTO_INCREMENT COMMENT '主键ID',
  `name` varchar(100) NOT NULL COMMENT '客户名称',
  `address` varchar(255) DEFAULT NULL COMMENT '客户地址',
  `province` varchar(50) DEFAULT NULL COMMENT '省份',
  `city` varchar(50) DEFAULT NULL COMMENT '城市',
  `district` varchar(50) DEFAULT NULL COMMENT '区/县',
  `detail_address` varchar(255) DEFAULT NULL COMMENT '详细地址（街道、门牌号等）',
  `region` varchar(50) DEFAULT NULL COMMENT '所属区域',
  `contact_person` varchar(50) DEFAULT NULL COMMENT '联系人',
  `contact_phone` varchar(20) DEFAULT NULL COMMENT '联系电话',
  `business_category` varchar(50) DEFAULT NULL COMMENT '业务类型一级分类: 加气站类/商业用气/工业用气',
  `business_type` varchar(50) DEFAULT NULL COMMENT '业务类型二级分类: CNG加气站/LPG加气站/餐饮类/团餐类/其他商业类/大型/中型/小型',
  `cooperation_category` varchar(50) DEFAULT '潜在客户' COMMENT '合作状态一级分类: 已合作/潜在/意向',
  `cooperation_status` varchar(50) DEFAULT '中潜力' COMMENT '合作状态二级分类: 正常履约/逾期客户/暂停合作/终止合作/高潜力/中潜力/低潜力/意向跟进',
  `gas_scale` varchar(50) DEFAULT NULL COMMENT '用气规模（工业客户辅助分类: 大型/中型/小型）',
  `smart_gas_system` varchar(255) DEFAULT NULL COMMENT '智慧燃气系统型号/部署情况',
  `maintenance_category` varchar(50) DEFAULT NULL COMMENT '运维需求分类: 高频报修/常规运维/无报修',
  `contract_info` varchar(500) DEFAULT NULL COMMENT '合同信息摘要',
  `remark` varchar(500) DEFAULT NULL COMMENT '备注',
  `contract_expire_date` date DEFAULT NULL COMMENT '合同到期时间',
  `is_invalid` tinyint(1) NOT NULL DEFAULT '0' COMMENT '是否无效: 0-正常, 1-无效（多次对接无回应、无需求或不符合服务范围）',
  `tenant_id` bigint NOT NULL COMMENT '租户ID，数据隔离',
  `create_time` datetime DEFAULT CURRENT_TIMESTAMP COMMENT '创建时间',
  `update_time` datetime DEFAULT CURRENT_TIMESTAMP ON UPDATE CURRENT_TIMESTAMP COMMENT '更新时间',
  `deleted` tinyint(1) NOT NULL DEFAULT '0' COMMENT '逻辑删除: 0-未删除, 1-已删除',
  `follow_up_person_id` bigint DEFAULT NULL COMMENT '当前跟进人ID',
  `follow_up_person` varchar(50) DEFAULT NULL COMMENT '当前跟进人姓名',
  PRIMARY KEY (`id`),
  KEY `idx_tenant_id` (`tenant_id`),
  KEY `idx_business_category` (`business_category`),
  KEY `idx_business_type` (`business_type`),
  KEY `idx_cooperation_category` (`cooperation_category`),
  KEY `idx_cooperation_status` (`cooperation_status`),
  KEY `idx_region` (`region`),
  KEY `idx_contract_expire_date` (`contract_expire_date`),
  KEY `idx_maintenance_category` (`maintenance_category`)
) ENGINE=InnoDB AUTO_INCREMENT=38 DEFAULT CHARSET=utf8mb4 COLLATE=utf8mb4_0900_ai_ci COMMENT='客户信息表';
/*!40101 SET character_set_client = @saved_cs_client */;

--
-- Dumping data for table `biz_customer`
--

LOCK TABLES `biz_customer` WRITE;
/*!40000 ALTER TABLE `biz_customer` DISABLE KEYS */;
INSERT INTO `biz_customer` VALUES (14,'1','北京市市辖区东城区',NULL,NULL,NULL,NULL,NULL,'1','18486300940','加气站类','CNG加气站','已合作','正常履约','','',NULL,'',NULL,NULL,1,0,'2026-05-15 15:20:59','2026-05-15 15:20:59',0,1,'超级管理员'),(17,'2','北京市市辖区东城区1',NULL,NULL,NULL,NULL,NULL,'1','18486300940','加气站类','CNG加气站','潜在','中潜力','','',NULL,'',NULL,NULL,1,0,'2026-05-19 14:38:04','2026-05-19 14:38:04',0,1,'admin'),(18,'2','北京市市辖区东城区',NULL,NULL,NULL,NULL,NULL,'1','18486300940','加气站类','CNG加气站','潜在','中潜力','','',NULL,'',NULL,NULL,0,0,'2026-05-21 09:37:43','2026-05-25 11:07:40',1,1,'admin'),(28,'2','',NULL,NULL,NULL,NULL,NULL,'2','13','加气站类','CNG加气站','潜在','中潜力','','',NULL,'',NULL,NULL,0,0,'2026-05-25 11:16:35','2026-05-25 11:16:35',0,NULL,''),(29,'1','河北省/石家庄市/长安区',NULL,NULL,NULL,'','130102','1','13','加气站类','CNG加气站','已合作','正常履约','','','','','',NULL,0,0,'2026-05-25 11:17:10','2026-05-25 11:17:10',0,1,'admin'),(30,'13','辽宁省/沈阳市/沈河区',NULL,NULL,NULL,'','210103','2','13','加气站类','CNG加气站','潜在','中潜力','','','','',NULL,NULL,0,0,'2026-05-25 12:27:05','2026-05-25 12:27:05',0,1,'admin'),(31,'13','河北省/石家庄市/长安区',NULL,NULL,NULL,'','130102','2','13','加气站类','CNG加气站','潜在','中潜力','','','','',NULL,NULL,0,2,'2026-05-25 12:34:51','2026-05-25 12:34:59',1,NULL,''),(32,'13','河北省/石家庄市/新华区',NULL,NULL,NULL,'','130105','2','13','加气站类','CNG加气站','潜在','中潜力','','','','',NULL,NULL,0,2,'2026-05-25 12:37:59','2026-05-25 12:38:16',1,NULL,''),(33,'1323','河北省/石家庄市/长安区',NULL,NULL,NULL,'','130102','1','13','加气站类','LPG加气站','潜在','中潜力','','','','',NULL,NULL,1,2,'2026-05-25 12:41:32','2026-05-25 12:41:32',0,NULL,''),(34,'123','河北省/石家庄市/长安区',NULL,NULL,NULL,'','130102','3','1','加气站类','CNG加气站','潜在','中潜力','','','','',NULL,NULL,1,0,'2026-05-25 13:58:20','2026-05-25 13:58:20',0,NULL,''),(35,'12','北京市/市辖区/西城区',NULL,NULL,NULL,'','110102','3','2','加气站类','CNG加气站','已合作','正常履约','','','','',NULL,NULL,1,0,'2026-05-25 14:38:40','2026-05-25 14:38:40',0,NULL,''),(36,'213','河北省/石家庄市/长安区',NULL,NULL,NULL,'','130102','123','2','加气站类','CNG加气站','潜在','中潜力','','','','',NULL,NULL,0,2,'2026-05-25 14:46:04','2026-05-25 14:46:04',0,3,'admin1'),(37,'1','河北省/石家庄市/长安区',NULL,NULL,NULL,'','130102','123','2','加气站类','CNG加气站','已合作','正常履约','','','','',NULL,NULL,0,0,'2026-05-26 11:03:37','2026-05-26 11:03:37',0,1,'admin');
/*!40000 ALTER TABLE `biz_customer` ENABLE KEYS */;
UNLOCK TABLES;

--
-- Table structure for table `biz_customer_attachment`
--

DROP TABLE IF EXISTS `biz_customer_attachment`;
/*!40101 SET @saved_cs_client     = @@character_set_client */;
/*!50503 SET character_set_client = utf8mb4 */;
CREATE TABLE `biz_customer_attachment` (
  `id` bigint NOT NULL AUTO_INCREMENT COMMENT '主键ID',
  `customer_id` bigint NOT NULL COMMENT '关联客户ID',
  `file_name` varchar(200) NOT NULL COMMENT '文件名',
  `file_path` varchar(500) NOT NULL COMMENT '文件存储路径',
  `file_type` varchar(50) DEFAULT NULL COMMENT '文件类型: 合同扫描件/资质文件/现场照片/其他',
  `file_size` bigint DEFAULT NULL COMMENT '文件大小(字节)',
  `tenant_id` bigint NOT NULL COMMENT '租户ID，数据隔离',
  `create_time` datetime DEFAULT CURRENT_TIMESTAMP COMMENT '创建时间',
  `update_time` datetime DEFAULT CURRENT_TIMESTAMP ON UPDATE CURRENT_TIMESTAMP COMMENT '更新时间',
  `deleted` tinyint(1) NOT NULL DEFAULT '0' COMMENT '逻辑删除: 0-未删除, 1-已删除',
  PRIMARY KEY (`id`),
  KEY `idx_customer_id` (`customer_id`),
  KEY `idx_tenant_id` (`tenant_id`)
) ENGINE=InnoDB AUTO_INCREMENT=8 DEFAULT CHARSET=utf8mb4 COLLATE=utf8mb4_0900_ai_ci COMMENT='客户附件表';
/*!40101 SET character_set_client = @saved_cs_client */;

--
-- Dumping data for table `biz_customer_attachment`
--

LOCK TABLES `biz_customer_attachment` WRITE;
/*!40000 ALTER TABLE `biz_customer_attachment` DISABLE KEYS */;
INSERT INTO `biz_customer_attachment` VALUES (1,3,'1.png','cfc7787c-31ac-47e0-9c52-868a4ecccacb.png','其他',8553,0,'2026-05-12 14:04:56','2026-05-12 14:04:56',0),(2,8,'1.png','cfe42b6d-fccd-4af9-83ce-8c4d1c3afc9c.png','其他',8553,0,'2026-05-13 14:12:14','2026-05-13 14:12:14',0),(3,22,'1.png','45b9393e-999a-4203-a0c2-e25bdbe07850.png','其他',8553,0,'2026-05-21 12:30:33','2026-05-21 12:30:57',1),(4,22,'1.png','8bd052f9-6950-45cb-873e-90db6dcb312b.png','其他',8553,0,'2026-05-21 12:32:55','2026-05-21 12:32:59',1),(5,18,'2.png','f803a557-927b-4d79-8225-51cda8968011.png','其他',31986,0,'2026-05-25 10:54:10','2026-05-25 10:54:12',1),(6,27,'27.png','422566f0-fde3-4d79-b3e7-1ed254b1fbec.png','其他',155878,0,'2026-05-25 10:54:21','2026-05-25 10:54:29',1),(7,30,'大数据2301班20杨从增.docx','d888d157-03d6-4757-893e-4569927bee0f.docx','其他',20610,0,'2026-05-25 12:28:39','2026-05-25 12:28:39',0);
/*!40000 ALTER TABLE `biz_customer_attachment` ENABLE KEYS */;
UNLOCK TABLES;

--
-- Table structure for table `biz_customer_modify_log`
--

DROP TABLE IF EXISTS `biz_customer_modify_log`;
/*!40101 SET @saved_cs_client     = @@character_set_client */;
/*!50503 SET character_set_client = utf8mb4 */;
CREATE TABLE `biz_customer_modify_log` (
  `id` bigint NOT NULL AUTO_INCREMENT COMMENT '主键ID',
  `customer_id` bigint NOT NULL COMMENT '关联客户ID',
  `field_name` varchar(50) NOT NULL COMMENT '修改字段名',
  `old_value` varchar(500) DEFAULT NULL COMMENT '修改前的值',
  `new_value` varchar(500) DEFAULT NULL COMMENT '修改后的值',
  `modify_user_id` bigint DEFAULT NULL COMMENT '修改人ID',
  `modify_user` varchar(50) DEFAULT NULL COMMENT '修改人用户名',
  `modify_time` datetime DEFAULT CURRENT_TIMESTAMP COMMENT '修改时间',
  `tenant_id` bigint NOT NULL COMMENT '租户ID，数据隔离',
  `create_time` datetime DEFAULT CURRENT_TIMESTAMP COMMENT '创建时间',
  `update_time` datetime DEFAULT CURRENT_TIMESTAMP ON UPDATE CURRENT_TIMESTAMP COMMENT '更新时间',
  `deleted` tinyint(1) NOT NULL DEFAULT '0' COMMENT '逻辑删除: 0-未删除, 1-已删除',
  PRIMARY KEY (`id`),
  KEY `idx_customer_id` (`customer_id`),
  KEY `idx_tenant_id` (`tenant_id`)
) ENGINE=InnoDB AUTO_INCREMENT=34 DEFAULT CHARSET=utf8mb4 COLLATE=utf8mb4_0900_ai_ci COMMENT='客户修改记录表';
/*!40101 SET character_set_client = @saved_cs_client */;

--
-- Dumping data for table `biz_customer_modify_log`
--

LOCK TABLES `biz_customer_modify_log` WRITE;
/*!40000 ALTER TABLE `biz_customer_modify_log` DISABLE KEYS */;
INSERT INTO `biz_customer_modify_log` VALUES (1,1,'isInvalid','0','1',1,'admin','2026-05-12 13:59:08',0,'2026-05-12 13:59:08','2026-05-12 13:59:08',0),(2,10,'cooperationCategory','已合作','无效',1,'admin','2026-05-13 14:23:59',0,'2026-05-13 14:23:59','2026-05-13 14:23:59',0),(3,10,'cooperationStatus','正常履约','无效客户',1,'admin','2026-05-13 14:24:00',0,'2026-05-13 14:24:00','2026-05-13 14:24:00',0),(4,10,'cooperationCategory','无效','已合作',1,'admin','2026-05-13 15:04:37',0,'2026-05-13 15:04:37','2026-05-13 15:04:37',0),(5,10,'cooperationStatus','无效客户','正常履约',1,'admin','2026-05-13 15:04:37',0,'2026-05-13 15:04:37','2026-05-13 15:04:37',0),(6,10,'followUpPerson','','超级管理员',1,'admin','2026-05-14 12:31:30',0,'2026-05-14 12:31:30','2026-05-14 12:31:30',0),(7,10,'cooperationStatus','正常履约','暂停合作',1,'admin','2026-05-15 09:46:22',0,'2026-05-15 09:46:22','2026-05-15 09:46:22',0),(8,10,'cooperationStatus','暂停合作','逾期客户',1,'admin','2026-05-15 09:47:07',0,'2026-05-15 09:47:07','2026-05-15 09:47:07',0),(9,10,'cooperationStatus','逾期客户','正常履约',1,'admin','2026-05-15 09:47:14',0,'2026-05-15 09:47:14','2026-05-15 09:47:14',0),(10,11,'isInvalid','0','1',1,'admin','2026-05-15 15:17:29',0,'2026-05-15 15:17:29','2026-05-15 15:17:29',0),(11,12,'isInvalid','0','1',1,'admin','2026-05-15 15:19:52',0,'2026-05-15 15:19:52','2026-05-15 15:19:52',0),(12,13,'isInvalid','0','1',1,'admin','2026-05-15 15:20:53',0,'2026-05-15 15:20:53','2026-05-15 15:20:53',0),(13,15,'isInvalid','0','1',1,'admin','2026-05-15 16:06:47',0,'2026-05-15 16:06:47','2026-05-15 16:06:47',0),(14,16,'isInvalid','0','1',1,'admin','2026-05-15 16:09:11',0,'2026-05-15 16:09:11','2026-05-15 16:09:11',0),(15,14,'address','','北京市市辖区东城区',1,'admin','2026-05-19 14:38:40',0,'2026-05-19 14:38:40','2026-05-19 14:38:40',0),(16,14,'contactPerson','','1',1,'admin','2026-05-19 14:38:40',0,'2026-05-19 14:38:40','2026-05-19 14:38:40',0),(17,14,'contactPhone','','18486300940',1,'admin','2026-05-19 14:38:40',0,'2026-05-19 14:38:40','2026-05-19 14:38:40',0),(18,14,'businessCategory','','加气站类',1,'admin','2026-05-19 14:38:40',0,'2026-05-19 14:38:40','2026-05-19 14:38:40',0),(19,14,'businessType','','CNG加气站',1,'admin','2026-05-19 14:38:40',0,'2026-05-19 14:38:40','2026-05-19 14:38:40',0),(20,17,'isInvalid','0','1',1,'admin','2026-05-21 09:37:20',0,'2026-05-21 09:37:20','2026-05-21 09:37:20',0),(21,14,'followUpPerson','','超级管理员',1,'admin','2026-05-21 09:38:37',0,'2026-05-21 09:38:37','2026-05-21 09:38:37',0),(22,14,'isInvalid','0','1',1,'admin','2026-05-21 09:38:43',0,'2026-05-21 09:38:43','2026-05-21 09:38:43',0),(23,22,'cooperationCategory','潜在','已合作',3,'admin1','2026-05-21 12:18:07',2,'2026-05-21 12:18:07','2026-05-21 12:18:07',0),(24,22,'cooperationStatus','中潜力','正常履约',3,'admin1','2026-05-21 12:18:07',2,'2026-05-21 12:18:07','2026-05-21 12:18:07',0),(25,29,'address','','210000/210100/210103',1,'admin','2026-05-25 12:13:34',0,'2026-05-25 12:13:34','2026-05-25 12:13:34',0),(26,29,'region','','210103',1,'admin','2026-05-25 12:13:34',0,'2026-05-25 12:13:34','2026-05-25 12:13:34',0),(27,29,'address','210000/210100/210103','北京市/市辖区/东城区',1,'admin','2026-05-25 12:15:26',0,'2026-05-25 12:15:26','2026-05-25 12:15:26',0),(28,29,'region','210103','110101',1,'admin','2026-05-25 12:15:26',0,'2026-05-25 12:15:26','2026-05-25 12:15:26',0),(29,29,'address','北京市/市辖区/东城区','河北省/石家庄市/长安区',1,'admin','2026-05-25 12:27:21',0,'2026-05-25 12:27:21','2026-05-25 12:27:21',0),(30,29,'region','110101','130102',1,'admin','2026-05-25 12:27:21',0,'2026-05-25 12:27:21','2026-05-25 12:27:21',0),(31,33,'isInvalid','0','1',3,'admin1','2026-05-25 12:41:38',2,'2026-05-25 12:41:38','2026-05-25 12:41:38',0),(32,34,'isInvalid','0','1',1,'admin','2026-05-25 13:58:25',0,'2026-05-25 13:58:25','2026-05-25 13:58:25',0),(33,35,'isInvalid','0','1',1,'admin','2026-05-25 14:38:44',0,'2026-05-25 14:38:44','2026-05-25 14:38:44',0);
/*!40000 ALTER TABLE `biz_customer_modify_log` ENABLE KEYS */;
UNLOCK TABLES;

--
-- Table structure for table `biz_customer_status_log`
--

DROP TABLE IF EXISTS `biz_customer_status_log`;
/*!40101 SET @saved_cs_client     = @@character_set_client */;
/*!50503 SET character_set_client = utf8mb4 */;
CREATE TABLE `biz_customer_status_log` (
  `id` bigint NOT NULL AUTO_INCREMENT COMMENT '主键ID',
  `customer_id` bigint NOT NULL COMMENT '客户ID',
  `old_cooperation_category` varchar(50) DEFAULT NULL COMMENT '原状态一级分类',
  `old_cooperation_status` varchar(50) DEFAULT NULL COMMENT '原状态二级分类',
  `new_cooperation_category` varchar(50) DEFAULT NULL COMMENT '新状态一级分类',
  `new_cooperation_status` varchar(50) DEFAULT NULL COMMENT '新状态二级分类',
  `change_reason` varchar(200) DEFAULT NULL COMMENT '变更原因',
  `follow_up_record_id` bigint DEFAULT NULL COMMENT '关联跟进记录ID',
  `change_person_id` bigint DEFAULT NULL COMMENT '变更人ID',
  `change_person` varchar(50) DEFAULT NULL COMMENT '变更人姓名',
  `change_time` datetime DEFAULT CURRENT_TIMESTAMP COMMENT '变更时间',
  `tenant_id` bigint NOT NULL COMMENT '租户ID，数据隔离',
  `create_time` datetime DEFAULT CURRENT_TIMESTAMP COMMENT '创建时间',
  PRIMARY KEY (`id`),
  KEY `idx_customer_id` (`customer_id`),
  KEY `idx_tenant_id` (`tenant_id`)
) ENGINE=InnoDB DEFAULT CHARSET=utf8mb4 COLLATE=utf8mb4_0900_ai_ci COMMENT='客户状态变更记录表';
/*!40101 SET character_set_client = @saved_cs_client */;

--
-- Dumping data for table `biz_customer_status_log`
--

LOCK TABLES `biz_customer_status_log` WRITE;
/*!40000 ALTER TABLE `biz_customer_status_log` DISABLE KEYS */;
/*!40000 ALTER TABLE `biz_customer_status_log` ENABLE KEYS */;
UNLOCK TABLES;

--
-- Table structure for table `biz_follow_up_record`
--

DROP TABLE IF EXISTS `biz_follow_up_record`;
/*!40101 SET @saved_cs_client     = @@character_set_client */;
/*!50503 SET character_set_client = utf8mb4 */;
CREATE TABLE `biz_follow_up_record` (
  `id` bigint NOT NULL AUTO_INCREMENT COMMENT '主键ID',
  `customer_id` bigint NOT NULL COMMENT '关联客户ID',
  `follow_up_time` datetime NOT NULL COMMENT '跟进时间',
  `follow_up_person_id` bigint DEFAULT NULL COMMENT '跟进人ID',
  `follow_up_person` varchar(50) DEFAULT NULL COMMENT '跟进人姓名',
  `follow_up_method` int NOT NULL COMMENT '跟进方式',
  `follow_up_content` varchar(500) NOT NULL COMMENT '跟进内容',
  `next_plan` varchar(200) DEFAULT NULL COMMENT '下一步计划',
  `follow_up_status` int NOT NULL DEFAULT '1' COMMENT '跟进状态',
  `attachments` varchar(2000) DEFAULT NULL COMMENT '附件信息JSON',
  `tenant_id` bigint NOT NULL COMMENT '租户ID',
  `create_time` datetime DEFAULT CURRENT_TIMESTAMP COMMENT '创建时间',
  `update_time` datetime DEFAULT CURRENT_TIMESTAMP ON UPDATE CURRENT_TIMESTAMP COMMENT '更新时间',
  `create_by` bigint DEFAULT NULL COMMENT '创建人ID',
  `deleted` tinyint(1) NOT NULL DEFAULT '0' COMMENT '逻辑删除',
  PRIMARY KEY (`id`),
  KEY `idx_customer_id` (`customer_id`),
  KEY `idx_tenant_id` (`tenant_id`)
) ENGINE=InnoDB AUTO_INCREMENT=20 DEFAULT CHARSET=utf8mb4 COLLATE=utf8mb4_0900_ai_ci COMMENT='跟进记录表';
/*!40101 SET character_set_client = @saved_cs_client */;

--
-- Dumping data for table `biz_follow_up_record`
--

LOCK TABLES `biz_follow_up_record` WRITE;
/*!40000 ALTER TABLE `biz_follow_up_record` DISABLE KEYS */;
INSERT INTO `biz_follow_up_record` VALUES (3,14,'2026-05-15 00:00:00',1,'admin',1,'1','',2,NULL,0,'2026-05-15 15:21:09','2026-05-15 15:21:09',1,0),(4,14,'2026-05-15 00:00:00',1,'admin',2,'15','',2,NULL,0,'2026-05-15 15:25:59','2026-05-15 15:25:59',1,0),(5,18,'2026-05-21 00:00:00',1,'admin',1,'1','',1,NULL,0,'2026-05-21 10:28:48','2026-05-21 10:28:50',1,1),(6,22,'2026-05-21 00:00:00',1,'admin',1,'123','',2,NULL,0,'2026-05-21 12:18:56','2026-05-21 12:49:19',1,1),(7,22,'2026-05-21 00:00:00',1,'admin',1,'1','',2,NULL,0,'2026-05-21 12:52:04','2026-05-21 12:59:07',1,1),(8,22,'2026-05-21 00:00:00',1,'admin',1,'12','',2,NULL,0,'2026-05-21 12:58:55','2026-05-21 12:59:10',1,1),(9,22,'2026-05-21 02:09:00',3,'admin1',1,'1','',2,NULL,2,'2026-05-21 13:02:57','2026-05-21 13:02:57',3,0),(10,23,'2026-05-21 00:00:00',5,'111',1,'123','',2,NULL,2,'2026-05-21 13:52:07','2026-05-21 13:52:07',5,0),(11,23,'2026-05-23 00:00:00',3,'admin1',2,'1','',2,NULL,2,'2026-05-21 14:18:22','2026-05-21 14:18:28',3,1),(12,18,'2026-05-22 00:00:00',1,'admin',1,'1','',1,NULL,0,'2026-05-22 11:09:29','2026-05-22 11:09:29',1,0),(13,27,'2026-05-22 13:31:25',3,'admin1',1,'123','',1,NULL,2,'2026-05-22 13:31:30','2026-05-22 13:31:30',3,0),(14,27,'2026-05-25 10:26:38',5,'111',1,'1','',2,NULL,2,'2026-05-25 10:26:44','2026-05-25 10:26:44',5,0),(15,29,'2026-05-25 12:27:28',1,'admin',1,'1','',3,NULL,0,'2026-05-25 12:27:35','2026-05-25 12:27:35',1,0),(16,30,'2026-05-25 00:00:00',1,'admin',1,'123','',1,NULL,0,'2026-05-25 14:45:37','2026-05-25 14:45:37',1,0),(17,36,'2026-05-25 14:46:10',3,'admin1',2,'3','',1,NULL,2,'2026-05-25 14:46:14','2026-05-25 14:46:14',3,0),(18,37,'2026-05-26 11:05:01',1,'admin',1,'123','',1,NULL,0,'2026-05-26 11:05:15','2026-05-26 11:05:15',1,0),(19,37,'2026-05-26 00:00:00',1,'admin',1,'123','',2,NULL,0,'2026-05-26 11:06:01','2026-05-26 11:06:01',1,0);
/*!40000 ALTER TABLE `biz_follow_up_record` ENABLE KEYS */;
UNLOCK TABLES;

--
-- Table structure for table `biz_repair_attachment`
--

DROP TABLE IF EXISTS `biz_repair_attachment`;
/*!40101 SET @saved_cs_client     = @@character_set_client */;
/*!50503 SET character_set_client = utf8mb4 */;
CREATE TABLE `biz_repair_attachment` (
  `id` bigint NOT NULL AUTO_INCREMENT COMMENT '主键ID',
  `repair_id` bigint NOT NULL COMMENT '关联报修单ID',
  `file_name` varchar(200) NOT NULL COMMENT '文件名',
  `file_path` varchar(500) NOT NULL COMMENT '文件存储路径',
  `file_type` varchar(50) DEFAULT NULL COMMENT '文件类型: 现场照片/故障截图/处理照片/其他',
  `file_size` bigint DEFAULT NULL COMMENT '文件大小(字节)',
  `tenant_id` bigint NOT NULL COMMENT '租户ID，数据隔离',
  `create_time` datetime DEFAULT CURRENT_TIMESTAMP COMMENT '创建时间',
  `update_time` datetime DEFAULT CURRENT_TIMESTAMP ON UPDATE CURRENT_TIMESTAMP COMMENT '更新时间',
  `deleted` tinyint(1) NOT NULL DEFAULT '0' COMMENT '逻辑删除: 0-未删除, 1-已删除',
  PRIMARY KEY (`id`),
  KEY `idx_repair_id` (`repair_id`),
  KEY `idx_tenant_id` (`tenant_id`)
) ENGINE=InnoDB AUTO_INCREMENT=3 DEFAULT CHARSET=utf8mb4 COLLATE=utf8mb4_0900_ai_ci COMMENT='报修附件表';
/*!40101 SET character_set_client = @saved_cs_client */;

--
-- Dumping data for table `biz_repair_attachment`
--

LOCK TABLES `biz_repair_attachment` WRITE;
/*!40000 ALTER TABLE `biz_repair_attachment` DISABLE KEYS */;
INSERT INTO `biz_repair_attachment` VALUES (1,1,'1.png','7d34dbb3-dd5e-4cd0-9427-2f263c9ab2af.png','现场照片',8553,0,'2026-05-15 13:12:25','2026-05-15 13:12:25',0),(2,11,'20 杨从增.doc','a1d7228d-dd47-4d50-933a-54ba2e2d33b0.doc','现场照片',1302016,0,'2026-05-25 10:55:05','2026-05-25 10:55:23',1);
/*!40000 ALTER TABLE `biz_repair_attachment` ENABLE KEYS */;
UNLOCK TABLES;

--
-- Table structure for table `biz_repair_order`
--

DROP TABLE IF EXISTS `biz_repair_order`;
/*!40101 SET @saved_cs_client     = @@character_set_client */;
/*!50503 SET character_set_client = utf8mb4 */;
CREATE TABLE `biz_repair_order` (
  `id` bigint NOT NULL AUTO_INCREMENT COMMENT '主键ID',
  `repair_no` varchar(50) NOT NULL COMMENT '报修单号，自动生成',
  `customer_id` bigint DEFAULT NULL COMMENT '关联客户ID',
  `customer_name` varchar(100) DEFAULT NULL COMMENT '客户名称',
  `contact_person` varchar(50) DEFAULT NULL COMMENT '联系人',
  `contact_phone` varchar(20) DEFAULT NULL COMMENT '联系电话',
  `repair_content` varchar(500) NOT NULL COMMENT '报修内容',
  `repair_type` varchar(50) DEFAULT NULL COMMENT '报修类型: 智慧燃气系统故障/设备问题/管道泄漏/仪表故障/其他',
  `repair_time` datetime DEFAULT NULL COMMENT '报修时间',
  `repair_address` varchar(255) DEFAULT NULL COMMENT '报修地点',
  `urgency` varchar(20) NOT NULL DEFAULT '普通' COMMENT '紧急程度: 普通/紧急',
  `status` varchar(20) NOT NULL DEFAULT '未处理' COMMENT '报修状态: 未处理/处理中/已解决/无法解决',
  `fault_description` varchar(1000) DEFAULT NULL COMMENT '故障描述细化',
  `assignee_id` bigint DEFAULT NULL COMMENT '分配的运维人员ID',
  `assignee_name` varchar(50) DEFAULT NULL COMMENT '分配的运维人员姓名',
  `assign_time` datetime DEFAULT NULL COMMENT '分配时间',
  `assigner_id` bigint DEFAULT NULL COMMENT '分配人ID',
  `assigner_name` varchar(50) DEFAULT NULL COMMENT '分配人姓名',
  `process_time` datetime DEFAULT NULL COMMENT '处理时间',
  `process_method` varchar(500) DEFAULT NULL COMMENT '处理方式',
  `replaced_parts` varchar(500) DEFAULT NULL COMMENT '更换配件',
  `fault_reason` varchar(500) DEFAULT NULL COMMENT '故障原因',
  `confirm_status` tinyint(1) DEFAULT '0' COMMENT '确认状态: 0-未确认 1-已确认',
  `confirm_time` datetime DEFAULT NULL COMMENT '确认时间',
  `confirm_person` varchar(50) DEFAULT NULL COMMENT '确认人',
  `is_exception` tinyint(1) DEFAULT '0' COMMENT '是否异常: 0-否 1-是',
  `exception_reason` varchar(500) DEFAULT NULL COMMENT '异常原因',
  `second_plan` varchar(500) DEFAULT NULL COMMENT '二次处理计划',
  `second_remind_time` datetime DEFAULT NULL COMMENT '二次处理提醒时间',
  `creator_id` bigint DEFAULT NULL COMMENT '录入人ID',
  `creator_name` varchar(50) DEFAULT NULL COMMENT '录入人姓名',
  `tenant_id` bigint NOT NULL COMMENT '租户ID，数据隔离',
  `create_time` datetime DEFAULT CURRENT_TIMESTAMP COMMENT '创建时间',
  `update_time` datetime DEFAULT CURRENT_TIMESTAMP ON UPDATE CURRENT_TIMESTAMP COMMENT '更新时间',
  `deleted` tinyint(1) NOT NULL DEFAULT '0' COMMENT '逻辑删除: 0-未删除, 1-已删除',
  PRIMARY KEY (`id`),
  UNIQUE KEY `uk_repair_no` (`repair_no`),
  KEY `idx_customer_id` (`customer_id`),
  KEY `idx_customer_name` (`customer_name`),
  KEY `idx_status` (`status`),
  KEY `idx_urgency` (`urgency`),
  KEY `idx_assignee_id` (`assignee_id`),
  KEY `idx_repair_time` (`repair_time`),
  KEY `idx_tenant_id` (`tenant_id`),
  KEY `idx_is_exception` (`is_exception`),
  KEY `idx_confirm_status` (`confirm_status`)
) ENGINE=InnoDB AUTO_INCREMENT=18 DEFAULT CHARSET=utf8mb4 COLLATE=utf8mb4_0900_ai_ci COMMENT='报修单表';
/*!40101 SET character_set_client = @saved_cs_client */;

--
-- Dumping data for table `biz_repair_order`
--

LOCK TABLES `biz_repair_order` WRITE;
/*!40000 ALTER TABLE `biz_repair_order` DISABLE KEYS */;
INSERT INTO `biz_repair_order` VALUES (1,'WX202605151307',10,'1','','','1','','2026-05-15 13:12:25','','紧急','处理中','',1,'超级管理员','2026-05-15 13:12:37',1,'admin',NULL,NULL,NULL,NULL,0,NULL,NULL,0,NULL,NULL,NULL,1,'admin',0,'2026-05-15 13:12:25','2026-05-15 13:12:44',1),(2,'WX202605157935',10,'1','','','1','智慧燃气系统故障','2026-05-15 13:13:33','','普通','处理中','',1,'超级管理员','2026-05-15 13:13:38',1,'admin',NULL,NULL,NULL,NULL,0,NULL,NULL,0,NULL,NULL,NULL,1,'admin',0,'2026-05-15 13:13:33','2026-05-15 13:15:40',1),(3,'WX202605159616',10,'1','','','1','智慧燃气系统故障','2026-05-15 13:34:00','','普通','处理中','',1,'超级管理员','2026-05-15 13:34:04',1,'admin',NULL,NULL,NULL,NULL,0,NULL,NULL,0,NULL,NULL,NULL,1,'admin',0,'2026-05-15 13:34:00','2026-05-15 13:34:19',1),(4,'WX202605154097',10,'1','1','','1','智慧燃气系统故障','2026-05-15 14:00:22','','普通','未处理','',NULL,NULL,NULL,NULL,NULL,NULL,NULL,NULL,NULL,0,NULL,NULL,0,NULL,NULL,NULL,1,'admin',0,'2026-05-15 14:00:22','2026-05-15 14:03:31',1),(5,'WX202605194347',14,'1','','','1','','2026-04-18 00:00:00','','普通','处理中','',4,'ycz','2026-05-22 11:03:26',1,'admin',NULL,NULL,NULL,NULL,0,NULL,NULL,0,NULL,NULL,NULL,1,'admin',0,'2026-05-19 14:37:10','2026-05-22 11:03:57',1),(6,'WX202605191076',17,'2','1','18486300940','2','','2026-05-19 14:39:06','北京市市辖区东城区1','普通','未处理','',NULL,NULL,NULL,NULL,NULL,NULL,NULL,NULL,NULL,0,NULL,NULL,0,NULL,NULL,NULL,1,'admin',0,'2026-05-19 14:39:06','2026-05-19 14:40:26',1),(7,'WX202605216864',23,'1','1','1','123','智慧燃气系统故障','2026-05-21 00:00:00','','紧急','无法解决','',4,'ycz','2026-05-21 14:11:54',3,'admin1','2026-05-21 14:12:46','1345','2123','1233213213123',0,NULL,NULL,1,NULL,NULL,NULL,3,'admin1',2,'2026-05-21 13:53:44','2026-05-22 11:34:38',1),(8,'WX202605213805',23,'1','1','1','13','','2026-05-23 00:00:00','','普通','处理中','',4,'ycz','2026-05-21 14:13:37',3,'admin1','2026-05-21 14:13:43',NULL,NULL,NULL,0,NULL,NULL,1,'垃圾',NULL,NULL,3,'admin1',2,'2026-05-21 14:13:33','2026-05-21 14:15:10',1),(9,'WX202605223068',23,'1','1','1','1','','2026-05-22 00:00:00','','普通','处理中','',4,'ycz','2026-05-22 11:04:32',1,'admin',NULL,NULL,NULL,NULL,0,NULL,NULL,0,NULL,NULL,NULL,1,'admin',0,'2026-05-22 11:04:06','2026-05-22 11:04:45',1),(10,'WX202605227734',23,'1','1','1','1','','2026-05-22 11:06:13','','普通','未处理','',NULL,NULL,NULL,NULL,NULL,NULL,NULL,NULL,NULL,0,NULL,NULL,0,NULL,NULL,NULL,1,'admin',0,'2026-05-22 11:06:13','2026-05-25 10:10:53',1),(11,'WX202605223045',27,'1','1','1','1','智慧燃气系统故障','2026-05-22 13:31:07','','普通','处理中','',4,'ycz','2026-05-25 10:56:43',1,'admin',NULL,NULL,NULL,NULL,0,NULL,NULL,0,NULL,NULL,NULL,3,'admin1',2,'2026-05-22 13:31:10','2026-05-25 10:58:39',1),(12,'WX20260525105849103894',27,'1','1','1','123','智慧燃气系统故障','2026-05-25 10:58:46','','普通','处理中','',4,'ycz','2026-05-25 10:59:02',1,'admin',NULL,NULL,NULL,NULL,0,NULL,NULL,0,NULL,NULL,NULL,1,'admin',0,'2026-05-25 10:58:50','2026-05-25 10:58:50',0),(13,'WX20260525122856436366',30,'13','2','13','123','智慧燃气系统故障','2026-05-25 12:28:54','辽宁省/沈阳市/沈河区','普通','处理中','',4,'ycz','2026-05-25 12:29:03',1,'admin',NULL,NULL,NULL,NULL,0,NULL,NULL,0,NULL,NULL,NULL,1,'admin',0,'2026-05-25 12:28:57','2026-05-25 13:58:42',1),(14,'WX20260525135849672041',30,'13','2','13','123','','2026-05-25 13:58:49','辽宁省/沈阳市/沈河区','普通','处理中','',4,'ycz','2026-05-25 13:58:56',1,'admin',NULL,NULL,NULL,NULL,0,NULL,NULL,0,NULL,NULL,NULL,1,'admin',0,'2026-05-25 13:58:49','2026-05-25 14:42:55',1),(15,'WX20260525144302563564',30,'13','2','13','213','','2026-05-25 14:42:59','辽宁省/沈阳市/沈河区','普通','未处理','',NULL,NULL,NULL,NULL,NULL,NULL,NULL,NULL,NULL,0,NULL,NULL,0,NULL,NULL,NULL,1,'admin',0,'2026-05-25 14:43:03','2026-05-25 14:43:05',1),(16,'WX20260525144322447178',30,'13','2','13','123','智慧燃气系统故障','2026-05-25 14:43:17','辽宁省/沈阳市/沈河区','普通','处理中','',4,'ycz','2026-05-25 14:43:31',1,'admin',NULL,NULL,NULL,NULL,0,NULL,NULL,0,NULL,NULL,NULL,1,'admin',0,'2026-05-25 14:43:23','2026-05-25 14:43:23',0),(17,'WX20260525144635191182',36,'213','123','2','1','智慧燃气系统故障','2026-05-25 14:46:34','河北省/石家庄市/长安区','普通','处理中','',4,'ycz','2026-05-25 14:46:39',3,'admin1',NULL,NULL,NULL,NULL,0,NULL,NULL,1,'laji',NULL,NULL,3,'admin1',2,'2026-05-25 14:46:35','2026-05-25 14:58:01',1);
/*!40000 ALTER TABLE `biz_repair_order` ENABLE KEYS */;
UNLOCK TABLES;

--
-- Table structure for table `biz_repair_process_log`
--

DROP TABLE IF EXISTS `biz_repair_process_log`;
/*!40101 SET @saved_cs_client     = @@character_set_client */;
/*!50503 SET character_set_client = utf8mb4 */;
CREATE TABLE `biz_repair_process_log` (
  `id` bigint NOT NULL AUTO_INCREMENT COMMENT '主键ID',
  `repair_id` bigint NOT NULL COMMENT '关联报修单ID',
  `action` varchar(50) NOT NULL COMMENT '操作类型: 录入/补充/分配/进度更新/确认/异常标记',
  `old_status` varchar(20) DEFAULT NULL COMMENT '操作前状态',
  `new_status` varchar(20) DEFAULT NULL COMMENT '操作后状态',
  `content` varchar(1000) DEFAULT NULL COMMENT '操作内容',
  `operator_id` bigint DEFAULT NULL COMMENT '操作人ID',
  `operator_name` varchar(50) DEFAULT NULL COMMENT '操作人姓名',
  `operate_time` datetime DEFAULT CURRENT_TIMESTAMP COMMENT '操作时间',
  `tenant_id` bigint NOT NULL COMMENT '租户ID，数据隔离',
  `create_time` datetime DEFAULT CURRENT_TIMESTAMP COMMENT '创建时间',
  `update_time` datetime DEFAULT CURRENT_TIMESTAMP ON UPDATE CURRENT_TIMESTAMP COMMENT '更新时间',
  `deleted` tinyint(1) NOT NULL DEFAULT '0' COMMENT '逻辑删除: 0-未删除, 1-已删除',
  PRIMARY KEY (`id`),
  KEY `idx_repair_id` (`repair_id`),
  KEY `idx_tenant_id` (`tenant_id`)
) ENGINE=InnoDB AUTO_INCREMENT=37 DEFAULT CHARSET=utf8mb4 COLLATE=utf8mb4_0900_ai_ci COMMENT='报修处理记录表';
/*!40101 SET character_set_client = @saved_cs_client */;

--
-- Dumping data for table `biz_repair_process_log`
--

LOCK TABLES `biz_repair_process_log` WRITE;
/*!40000 ALTER TABLE `biz_repair_process_log` DISABLE KEYS */;
INSERT INTO `biz_repair_process_log` VALUES (1,1,'录入',NULL,'未处理','录入报修单',1,'admin','2026-05-15 13:12:25',0,'2026-05-15 13:12:25','2026-05-15 13:12:25',0),(2,1,'分配','未处理','处理中','分配给运维人员: 超级管理员',1,'admin','2026-05-15 13:12:37',0,'2026-05-15 13:12:37','2026-05-15 13:12:37',0),(3,2,'录入',NULL,'未处理','录入报修单',1,'admin','2026-05-15 13:13:33',0,'2026-05-15 13:13:33','2026-05-15 13:13:33',0),(4,2,'分配','未处理','处理中','分配给运维人员: 超级管理员',1,'admin','2026-05-15 13:13:38',0,'2026-05-15 13:13:38','2026-05-15 13:13:38',0),(5,3,'录入',NULL,'未处理','录入报修单',1,'admin','2026-05-15 13:34:00',0,'2026-05-15 13:34:00','2026-05-15 13:34:00',0),(6,3,'分配','未处理','处理中','分配给运维人员: 超级管理员',1,'admin','2026-05-15 13:34:04',0,'2026-05-15 13:34:04','2026-05-15 13:34:04',0),(7,4,'录入',NULL,'未处理','录入报修单',1,'admin','2026-05-15 14:00:22',0,'2026-05-15 14:00:22','2026-05-15 14:00:22',0),(8,5,'录入',NULL,'未处理','录入报修单',1,'admin','2026-05-19 14:37:10',0,'2026-05-19 14:37:10','2026-05-19 14:37:10',0),(9,6,'录入',NULL,'未处理','录入报修单',1,'admin','2026-05-19 14:39:06',0,'2026-05-19 14:39:06','2026-05-19 14:39:06',0),(10,5,'补充','未处理','未处理','补充报修信息',1,'admin','2026-05-19 14:39:59',0,'2026-05-19 14:39:59','2026-05-19 14:39:59',0),(11,7,'录入',NULL,'未处理','录入报修单',3,'admin1','2026-05-21 13:53:45',2,'2026-05-21 13:53:45','2026-05-21 13:53:45',0),(12,7,'分配','未处理','处理中','分配给运维人员: ycz',3,'admin1','2026-05-21 14:11:54',2,'2026-05-21 14:11:54','2026-05-21 14:11:54',0),(13,7,'进度更新','处理中','处理中','更新报修进度为: 处理中，处理方式: 1345，故障原因: 1233213213123',3,'admin1','2026-05-21 14:12:14',2,'2026-05-21 14:12:14','2026-05-21 14:12:14',0),(14,7,'进度更新','处理中','无法解决','更新报修进度为: 无法解决',3,'admin1','2026-05-21 14:12:46',2,'2026-05-21 14:12:46','2026-05-21 14:12:46',0),(15,8,'录入',NULL,'未处理','录入报修单',3,'admin1','2026-05-21 14:13:33',2,'2026-05-21 14:13:33','2026-05-21 14:13:33',0),(16,8,'分配','未处理','处理中','分配给运维人员: ycz',3,'admin1','2026-05-21 14:13:37',2,'2026-05-21 14:13:37','2026-05-21 14:13:37',0),(17,8,'进度更新','处理中','处理中','更新报修进度为: 处理中',3,'admin1','2026-05-21 14:13:43',2,'2026-05-21 14:13:43','2026-05-21 14:13:43',0),(18,8,'异常标记','处理中','处理中','标记异常，原因: 垃圾',3,'admin1','2026-05-21 14:13:54',2,'2026-05-21 14:13:54','2026-05-21 14:13:54',0),(19,5,'分配','未处理','处理中','分配给运维人员: ycz',1,'admin','2026-05-22 11:03:26',0,'2026-05-22 11:03:26','2026-05-22 11:03:26',0),(20,9,'录入',NULL,'未处理','录入报修单',1,'admin','2026-05-22 11:04:06',0,'2026-05-22 11:04:06','2026-05-22 11:04:06',0),(21,9,'分配','未处理','处理中','分配给运维人员: ycz',1,'admin','2026-05-22 11:04:32',0,'2026-05-22 11:04:32','2026-05-22 11:04:32',0),(22,10,'录入',NULL,'未处理','录入报修单',1,'admin','2026-05-22 11:06:13',0,'2026-05-22 11:06:13','2026-05-22 11:06:13',0),(23,11,'录入',NULL,'未处理','录入报修单',3,'admin1','2026-05-22 13:31:10',2,'2026-05-22 13:31:10','2026-05-22 13:31:10',0),(24,11,'分配','未处理','处理中','分配给运维人员: ycz',1,'admin','2026-05-25 10:56:43',2,'2026-05-25 10:56:43','2026-05-25 10:56:43',0),(25,12,'录入',NULL,'未处理','录入报修单',1,'admin','2026-05-25 10:58:50',0,'2026-05-25 10:58:50','2026-05-25 10:58:50',0),(26,12,'分配','未处理','处理中','分配给运维人员: ycz',1,'admin','2026-05-25 10:59:02',0,'2026-05-25 10:59:02','2026-05-25 10:59:02',0),(27,13,'录入',NULL,'未处理','录入报修单',1,'admin','2026-05-25 12:28:57',0,'2026-05-25 12:28:57','2026-05-25 12:28:57',0),(28,13,'分配','未处理','处理中','分配给运维人员: ycz',1,'admin','2026-05-25 12:29:03',0,'2026-05-25 12:29:03','2026-05-25 12:29:03',0),(29,14,'录入',NULL,'未处理','录入报修单',1,'admin','2026-05-25 13:58:49',0,'2026-05-25 13:58:49','2026-05-25 13:58:49',0),(30,14,'分配','未处理','处理中','分配给运维人员: ycz',1,'admin','2026-05-25 13:58:56',0,'2026-05-25 13:58:56','2026-05-25 13:58:56',0),(31,15,'录入',NULL,'未处理','录入报修单',1,'admin','2026-05-25 14:43:03',0,'2026-05-25 14:43:03','2026-05-25 14:43:03',0),(32,16,'录入',NULL,'未处理','录入报修单',1,'admin','2026-05-25 14:43:23',0,'2026-05-25 14:43:23','2026-05-25 14:43:23',0),(33,16,'分配','未处理','处理中','分配给运维人员: ycz',1,'admin','2026-05-25 14:43:31',0,'2026-05-25 14:43:31','2026-05-25 14:43:31',0),(34,17,'录入',NULL,'未处理','录入报修单',3,'admin1','2026-05-25 14:46:35',2,'2026-05-25 14:46:35','2026-05-25 14:46:35',0),(35,17,'分配','未处理','处理中','分配给运维人员: ycz',3,'admin1','2026-05-25 14:46:39',2,'2026-05-25 14:46:39','2026-05-25 14:46:39',0),(36,17,'异常标记','处理中','处理中','标记异常，原因: laji',1,'admin','2026-05-25 14:57:29',2,'2026-05-25 14:57:29','2026-05-25 14:57:29',0);
/*!40000 ALTER TABLE `biz_repair_process_log` ENABLE KEYS */;
UNLOCK TABLES;

--
-- Table structure for table `sys_backup_record`
--

DROP TABLE IF EXISTS `sys_backup_record`;
/*!40101 SET @saved_cs_client     = @@character_set_client */;
/*!50503 SET character_set_client = utf8mb4 */;
CREATE TABLE `sys_backup_record` (
  `id` bigint NOT NULL AUTO_INCREMENT COMMENT '主键ID',
  `backup_name` varchar(200) COLLATE utf8mb4_unicode_ci NOT NULL COMMENT '备份文件名',
  `backup_path` varchar(500) COLLATE utf8mb4_unicode_ci NOT NULL COMMENT '备份文件路径',
  `backup_size` bigint DEFAULT '0' COMMENT '备份文件大小（字节）',
  `backup_type` varchar(20) COLLATE utf8mb4_unicode_ci NOT NULL DEFAULT 'MANUAL' COMMENT '备份类型：MANUAL-手动备份，AUTO-自动备份',
  `status` varchar(20) COLLATE utf8mb4_unicode_ci NOT NULL DEFAULT 'SUCCESS' COMMENT '备份状态：SUCCESS-成功，FAILED-失败，PROCESSING-处理中',
  `remark` varchar(500) COLLATE utf8mb4_unicode_ci DEFAULT NULL COMMENT '备注/错误信息',
  `tenant_id` bigint NOT NULL DEFAULT '0' COMMENT '租户ID，0表示系统级备份',
  `create_by` varchar(50) COLLATE utf8mb4_unicode_ci DEFAULT NULL COMMENT '创建人',
  `create_time` datetime DEFAULT CURRENT_TIMESTAMP COMMENT '创建时间',
  PRIMARY KEY (`id`),
  KEY `idx_tenant_id` (`tenant_id`),
  KEY `idx_create_time` (`create_time`),
  KEY `idx_backup_type` (`backup_type`)
) ENGINE=InnoDB AUTO_INCREMENT=11 DEFAULT CHARSET=utf8mb4 COLLATE=utf8mb4_unicode_ci COMMENT='数据库备份记录表';
/*!40101 SET character_set_client = @saved_cs_client */;

--
-- Dumping data for table `sys_backup_record`
--

LOCK TABLES `sys_backup_record` WRITE;
/*!40000 ALTER TABLE `sys_backup_record` DISABLE KEYS */;
/*!40000 ALTER TABLE `sys_backup_record` ENABLE KEYS */;
UNLOCK TABLES;

--
-- Table structure for table `sys_dict`
--

DROP TABLE IF EXISTS `sys_dict`;
/*!40101 SET @saved_cs_client     = @@character_set_client */;
/*!50503 SET character_set_client = utf8mb4 */;
CREATE TABLE `sys_dict` (
  `id` bigint NOT NULL AUTO_INCREMENT COMMENT '主键ID',
  `code` varchar(100) NOT NULL COMMENT '字典编码，如 business_category',
  `name` varchar(100) NOT NULL COMMENT '字典名称，如 业务类型一级分类',
  `description` varchar(500) DEFAULT NULL COMMENT '字典描述',
  `status` tinyint(1) NOT NULL DEFAULT '1' COMMENT '状态: 1-启用, 0-禁用',
  `sort` int DEFAULT '0' COMMENT '排序号',
  `create_time` datetime DEFAULT CURRENT_TIMESTAMP COMMENT '创建时间',
  `update_time` datetime DEFAULT CURRENT_TIMESTAMP ON UPDATE CURRENT_TIMESTAMP COMMENT '更新时间',
  `deleted` tinyint(1) NOT NULL DEFAULT '0' COMMENT '逻辑删除: 0-未删除, 1-已删除',
  PRIMARY KEY (`id`),
  UNIQUE KEY `uk_code` (`code`)
) ENGINE=InnoDB AUTO_INCREMENT=7 DEFAULT CHARSET=utf8mb4 COLLATE=utf8mb4_0900_ai_ci COMMENT='系统字典类型表';
/*!40101 SET character_set_client = @saved_cs_client */;

--
-- Dumping data for table `sys_dict`
--

LOCK TABLES `sys_dict` WRITE;
/*!40000 ALTER TABLE `sys_dict` DISABLE KEYS */;
INSERT INTO `sys_dict` VALUES (1,'business_category','业务类型一级分类','客户业务类型一级分类：加气站类/商业用气/工业用气',1,1,'2026-05-25 14:35:42','2026-05-25 14:35:42',0),(2,'business_type','业务类型二级分类','客户业务类型二级分类，关联一级分类',1,2,'2026-05-25 14:35:42','2026-05-25 14:35:42',0),(3,'cooperation_category','合作状态一级分类','客户合作状态一级分类：已合作/潜在/无效',1,3,'2026-05-25 14:35:42','2026-05-25 14:35:42',0),(4,'cooperation_status','合作状态二级分类','客户合作状态二级分类，关联一级分类',1,4,'2026-05-25 14:35:42','2026-05-25 14:35:42',0),(5,'maintenance_category','运维需求分类','客户运维需求分类：高频报修/常规运维/无报修',1,5,'2026-05-25 14:35:42','2026-05-25 14:35:42',0),(6,'gas_scale','用气规模分类','工业客户用气规模分类',1,6,'2026-05-25 14:35:42','2026-05-25 14:35:42',0);
/*!40000 ALTER TABLE `sys_dict` ENABLE KEYS */;
UNLOCK TABLES;

--
-- Table structure for table `sys_dict_item`
--

DROP TABLE IF EXISTS `sys_dict_item`;
/*!40101 SET @saved_cs_client     = @@character_set_client */;
/*!50503 SET character_set_client = utf8mb4 */;
CREATE TABLE `sys_dict_item` (
  `id` bigint NOT NULL AUTO_INCREMENT COMMENT '主键ID',
  `dict_id` bigint NOT NULL COMMENT '字典类型ID',
  `value` varchar(200) NOT NULL COMMENT '字典项值',
  `label` varchar(200) NOT NULL COMMENT '字典项标签（显示文本）',
  `parent_value` varchar(200) DEFAULT NULL COMMENT '父项值（用于两级联动）',
  `sort` int DEFAULT '0' COMMENT '排序号',
  `status` tinyint(1) NOT NULL DEFAULT '1' COMMENT '状态: 1-启用, 0-禁用',
  `remark` varchar(500) DEFAULT NULL COMMENT '备注说明',
  `create_time` datetime DEFAULT CURRENT_TIMESTAMP COMMENT '创建时间',
  `update_time` datetime DEFAULT CURRENT_TIMESTAMP ON UPDATE CURRENT_TIMESTAMP COMMENT '更新时间',
  `deleted` tinyint(1) NOT NULL DEFAULT '0' COMMENT '逻辑删除: 0-未删除, 1-已删除',
  PRIMARY KEY (`id`),
  KEY `idx_dict_id` (`dict_id`),
  KEY `idx_parent_value` (`parent_value`)
) ENGINE=InnoDB AUTO_INCREMENT=27 DEFAULT CHARSET=utf8mb4 COLLATE=utf8mb4_0900_ai_ci COMMENT='系统字典项表';
/*!40101 SET character_set_client = @saved_cs_client */;

--
-- Dumping data for table `sys_dict_item`
--

LOCK TABLES `sys_dict_item` WRITE;
/*!40000 ALTER TABLE `sys_dict_item` DISABLE KEYS */;
INSERT INTO `sys_dict_item` VALUES (1,1,'加气站类','加气站类',NULL,1,1,'加气站类客户，关联智慧燃气设备运维需求','2026-05-25 14:35:42','2026-05-25 14:35:42',0),(2,1,'商业用气','商业用气',NULL,2,1,'商业用气客户：餐饮/团餐/其他商业','2026-05-25 14:35:42','2026-05-25 14:35:42',0),(3,1,'工业用气','工业用气',NULL,3,1,'工业用气客户，按用气规模辅助分类','2026-05-25 14:35:42','2026-05-25 14:35:42',0),(4,2,'CNG加气站','CNG加气站','加气站类',1,1,'CNG加气站','2026-05-25 14:35:42','2026-05-25 14:35:42',0),(5,2,'LPG加气站','LPG加气站','加气站类',2,1,'LPG加气站','2026-05-25 14:35:42','2026-05-25 14:35:42',0),(6,2,'餐饮类','餐饮类（饭店、餐馆）','商业用气',3,1,'餐饮类客户','2026-05-25 14:35:42','2026-05-25 14:35:42',0),(7,2,'团餐类','团餐类（大企业食堂、高校食堂）','商业用气',4,1,'团餐类客户','2026-05-25 14:35:42','2026-05-25 14:35:42',0),(8,2,'其他商业类','其他商业类（酒店、商超后厨等）','商业用气',5,1,'其他商业类客户','2026-05-25 14:35:42','2026-05-25 14:35:42',0),(9,2,'大型','大型','工业用气',6,1,'大型工业客户','2026-05-25 14:35:42','2026-05-25 14:35:42',0),(10,2,'中型','中型','工业用气',7,1,'中型工业客户','2026-05-25 14:35:42','2026-05-25 14:35:42',0),(11,2,'小型','小型','工业用气',8,1,'小型工业客户','2026-05-25 14:35:42','2026-05-25 14:35:42',0),(12,3,'已合作','已合作',NULL,1,1,'已合作客户，已签合同，正在使用系统','2026-05-25 14:35:42','2026-05-25 14:35:42',0),(13,3,'潜在','潜在',NULL,2,1,'潜在客户，已对接，有关注和跟进需求','2026-05-25 14:35:42','2026-05-25 14:35:42',0),(14,3,'无效','无效',NULL,3,1,'无效客户，多次对接无回应或不符合服务范围','2026-05-25 14:35:42','2026-05-25 14:35:42',0),(15,4,'正常履约','正常履约（已签合同，正在使用系统，无逾期）','已合作',1,1,'正常履约状态','2026-05-25 14:35:42','2026-05-25 14:35:42',0),(16,4,'终止合作','终止合作（不再合作，留存历史数据）','已合作',2,1,'终止合作状态','2026-05-25 14:35:42','2026-05-25 14:35:42',0),(17,4,'高潜力','高潜力（明确需求，短期内可签约）','潜在',3,1,'高潜力客户','2026-05-25 14:35:42','2026-05-25 14:35:42',0),(18,4,'中潜力','中潜力（有需求但时间不明确）','潜在',4,1,'中潜力客户','2026-05-25 14:35:42','2026-05-25 14:35:42',0),(19,4,'低潜力','低潜力（需求不明确，需长期跟进）','潜在',5,1,'低潜力客户','2026-05-25 14:35:42','2026-05-25 14:35:42',0),(20,4,'无效客户','无效客户（多次无回应或不符合服务范围）','无效',6,1,'无效客户','2026-05-25 14:35:42','2026-05-25 14:35:42',0),(21,5,'高频报修','高频报修客户（需重点关注）',NULL,1,1,'报修次数多，需重点关注和优先响应','2026-05-25 14:35:42','2026-05-25 14:35:42',0),(22,5,'常规运维','常规运维客户（按计划巡检）',NULL,2,1,'正常报修频率，按计划定期巡检','2026-05-25 14:35:42','2026-05-25 14:35:42',0),(23,5,'无报修','无报修客户（系统稳定）',NULL,3,1,'系统运行稳定，暂无报修记录','2026-05-25 14:35:42','2026-05-25 14:35:42',0),(24,6,'大型','大型',NULL,1,1,'大型用气规模','2026-05-25 14:35:42','2026-05-25 14:35:42',0),(25,6,'中型','中型',NULL,2,1,'中型用气规模','2026-05-25 14:35:42','2026-05-25 14:35:42',0),(26,6,'小型','小型',NULL,3,1,'小型用气规模','2026-05-25 14:35:42','2026-05-25 14:35:42',0);
/*!40000 ALTER TABLE `sys_dict_item` ENABLE KEYS */;
UNLOCK TABLES;

--
-- Table structure for table `sys_notification`
--

DROP TABLE IF EXISTS `sys_notification`;
/*!40101 SET @saved_cs_client     = @@character_set_client */;
/*!50503 SET character_set_client = utf8mb4 */;
CREATE TABLE `sys_notification` (
  `id` bigint NOT NULL AUTO_INCREMENT COMMENT '主键ID',
  `tenant_id` bigint NOT NULL COMMENT '租户ID',
  `user_id` bigint DEFAULT NULL COMMENT '目标用户ID',
  `title` varchar(200) NOT NULL COMMENT '通知标题',
  `content` varchar(1000) NOT NULL COMMENT '通知内容',
  `notification_type` varchar(50) NOT NULL COMMENT '通知类型',
  `source_id` bigint DEFAULT NULL COMMENT '关联业务ID',
  `source_type` varchar(50) DEFAULT NULL COMMENT '关联业务类型',
  `is_read` tinyint(1) NOT NULL DEFAULT '0' COMMENT '是否已读',
  `read_time` datetime DEFAULT NULL COMMENT '已读时间',
  `create_time` datetime DEFAULT CURRENT_TIMESTAMP COMMENT '创建时间',
  PRIMARY KEY (`id`),
  KEY `idx_tenant_id` (`tenant_id`),
  KEY `idx_user_id` (`user_id`),
  KEY `idx_notification_type` (`notification_type`),
  KEY `idx_is_read` (`is_read`),
  KEY `idx_create_time` (`create_time`)
) ENGINE=InnoDB DEFAULT CHARSET=utf8mb4 COLLATE=utf8mb4_0900_ai_ci COMMENT='系统通知表';
/*!40101 SET character_set_client = @saved_cs_client */;

--
-- Dumping data for table `sys_notification`
--

LOCK TABLES `sys_notification` WRITE;
/*!40000 ALTER TABLE `sys_notification` DISABLE KEYS */;
/*!40000 ALTER TABLE `sys_notification` ENABLE KEYS */;
UNLOCK TABLES;

--
-- Table structure for table `sys_operation_log`
--

DROP TABLE IF EXISTS `sys_operation_log`;
/*!40101 SET @saved_cs_client     = @@character_set_client */;
/*!50503 SET character_set_client = utf8mb4 */;
CREATE TABLE `sys_operation_log` (
  `id` bigint NOT NULL AUTO_INCREMENT COMMENT '主键ID',
  `user_id` bigint DEFAULT NULL COMMENT '操作人ID',
  `username` varchar(50) DEFAULT NULL COMMENT '操作人用户名',
  `real_name` varchar(50) DEFAULT NULL COMMENT '操作人真实姓名',
  `operation` varchar(50) NOT NULL COMMENT '操作类型: CREATE/UPDATE/DELETE/QUERY/EXPORT/IMPORT/LOGIN/OTHER',
  `module` varchar(50) DEFAULT NULL COMMENT '操作模块: 角色/员工/客户/合同/报修/拜访/统计/租户/权限',
  `description` varchar(500) DEFAULT NULL COMMENT '操作描述',
  `method` varchar(200) DEFAULT NULL COMMENT '请求方法',
  `request_url` varchar(500) DEFAULT NULL COMMENT '请求URL',
  `request_params` text COMMENT '请求参数',
  `ip` varchar(50) DEFAULT NULL COMMENT '操作IP',
  `tenant_id` bigint DEFAULT NULL COMMENT '租户ID',
  `create_time` datetime DEFAULT CURRENT_TIMESTAMP COMMENT '操作时间',
  PRIMARY KEY (`id`),
  KEY `idx_user_id` (`user_id`),
  KEY `idx_tenant_id` (`tenant_id`),
  KEY `idx_operation` (`operation`),
  KEY `idx_module` (`module`),
  KEY `idx_create_time` (`create_time`)
) ENGINE=InnoDB AUTO_INCREMENT=1103 DEFAULT CHARSET=utf8mb4 COLLATE=utf8mb4_0900_ai_ci COMMENT='操作日志表';
/*!40101 SET character_set_client = @saved_cs_client */;

--
-- Dumping data for table `sys_operation_log`
--

LOCK TABLES `sys_operation_log` WRITE;
/*!40000 ALTER TABLE `sys_operation_log` DISABLE KEYS */;
INSERT INTO `sys_operation_log` VALUES (1,1,'admin','超级管理员','QUERY','客户','查询客户列表','com.saas.framework.controller.CustomerController.page','/api/customer/page','[1,1000,null,null,null,null,null,null,null]','127.0.0.1',0,'2026-05-18 16:53:49'),(2,1,'admin','超级管理员','QUERY','客户','查询客户列表','com.saas.framework.controller.CustomerController.page','/api/customer/page','[1,1000,null,null,null,null,null,null,null]','127.0.0.1',0,'2026-05-18 16:53:52'),(3,1,'admin','超级管理员','QUERY','客户','查询客户列表','com.saas.framework.controller.CustomerController.page','/api/customer/page','[1,1000,null,null,null,null,null,null,null]','127.0.0.1',0,'2026-05-18 16:56:45'),(4,1,'admin','超级管理员','QUERY','客户','查询客户列表','com.saas.framework.controller.CustomerController.page','/api/customer/page','[1,1000,null,null,null,null,null,null,null]','127.0.0.1',0,'2026-05-18 16:56:47'),(5,1,'admin','超级管理员','QUERY','客户','查询客户列表','com.saas.framework.controller.CustomerController.page','/api/customer/page','[1,1000,null,null,null,null,null,null,null]','127.0.0.1',0,'2026-05-18 16:58:08'),(6,1,'admin','超级管理员','QUERY','客户','查询客户列表','com.saas.framework.controller.CustomerController.page','/api/customer/page','[1,10,\"\",\"\",\"\",\"\",\"\",null,\"\"]','127.0.0.1',0,'2026-05-19 09:21:55'),(7,1,'admin','超级管理员','QUERY','客户','查询客户列表','com.saas.framework.controller.CustomerController.page','/api/customer/page','[1,1000,null,null,null,null,null,null,null]','127.0.0.1',0,'2026-05-19 09:22:02'),(8,1,'admin','超级管理员','QUERY','客户','查询客户列表','com.saas.framework.controller.CustomerController.page','/api/customer/page','[1,1000,null,null,null,null,null,null,null]','127.0.0.1',0,'2026-05-19 09:22:31'),(9,1,'admin','超级管理员','QUERY','客户','查询客户列表','com.saas.framework.controller.CustomerController.page','/api/customer/page','[1,10,\"\",\"\",\"\",\"\",\"\",null,\"\"]','127.0.0.1',0,'2026-05-19 09:22:47'),(10,1,'admin','超级管理员','QUERY','客户','查询客户列表','com.saas.framework.controller.CustomerController.page','/api/customer/page','[1,1000,null,null,null,null,null,null,null]','127.0.0.1',0,'2026-05-19 09:24:46'),(11,1,'admin','超级管理员','QUERY','客户','查询客户列表','com.saas.framework.controller.CustomerController.page','/api/customer/page','[1,10,\"\",\"\",\"\",\"\",\"\",null,\"\"]','127.0.0.1',0,'2026-05-19 09:24:47'),(12,1,'admin','超级管理员','QUERY','客户','查询客户列表','com.saas.framework.controller.CustomerController.page','/api/customer/page','[1,1000,null,null,null,null,null,null,null]','127.0.0.1',0,'2026-05-19 09:24:48'),(13,1,'admin','超级管理员','QUERY','客户','查询客户列表','com.saas.framework.controller.CustomerController.page','/api/customer/page','[1,1000,null,null,null,null,null,null,null]','127.0.0.1',0,'2026-05-19 09:56:06'),(14,1,'admin','超级管理员','QUERY','客户','查询客户列表','com.saas.framework.controller.CustomerController.page','/api/customer/page','[1,10,\"\",\"\",\"\",\"\",\"\",null,\"\"]','127.0.0.1',0,'2026-05-19 09:59:40'),(15,1,'admin','超级管理员','QUERY','客户','查询客户列表','com.saas.framework.controller.CustomerController.page','/api/customer/page','[1,10,\"\",\"\",\"\",\"\",\"\",null,\"\"]','127.0.0.1',0,'2026-05-19 14:07:27'),(16,1,'admin','超级管理员','QUERY','客户','查询客户列表','com.saas.framework.controller.CustomerController.page','/api/customer/page','[1,1000,null,null,null,null,null,null,null]','127.0.0.1',0,'2026-05-19 14:07:28'),(17,1,'admin','超级管理员','QUERY','客户','查询客户列表','com.saas.framework.controller.CustomerController.page','/api/customer/page','[1,10,\"\",\"\",\"\",\"\",\"\",null,\"\"]','127.0.0.1',0,'2026-05-19 14:08:59'),(18,1,'admin','超级管理员','EXPORT','客户','导出客户','com.saas.framework.controller.CustomerController.exportCustomers','/api/customer/export','[]','127.0.0.1',0,'2026-05-19 14:09:06'),(19,1,'admin','超级管理员','QUERY','客户','查询客户列表','com.saas.framework.controller.CustomerController.page','/api/customer/page','[1,1000,null,null,null,null,null,null,null]','127.0.0.1',0,'2026-05-19 14:09:33'),(20,1,'admin','超级管理员','QUERY','客户','查询客户列表','com.saas.framework.controller.CustomerController.page','/api/customer/page','[1,1000,null,null,null,null,null,null,null]','127.0.0.1',0,'2026-05-19 14:09:34'),(21,1,'admin','超级管理员','QUERY','客户','查询客户列表','com.saas.framework.controller.CustomerController.page','/api/customer/page','[1,10,\"\",\"\",\"\",\"\",\"\",null,\"\"]','127.0.0.1',0,'2026-05-19 14:30:13'),(22,1,'admin','超级管理员','QUERY','客户','查询客户列表','com.saas.framework.controller.CustomerController.page','/api/customer/page','[1,10,\"\",\"\",\"\",\"\",\"\",null,\"\"]','127.0.0.1',0,'2026-05-19 14:36:20'),(23,1,'admin','超级管理员','QUERY','客户','查询客户列表','com.saas.framework.controller.CustomerController.page','/api/customer/page','[1,1000,null,null,null,null,null,null,null]','127.0.0.1',0,'2026-05-19 14:37:02'),(24,1,'admin','超级管理员','CREATE','报修','新增报修单','com.saas.framework.controller.RepairController.create','/api/repair','[{\"customerId\":14,\"customerName\":\"1\",\"contactPerson\":\"\",\"contactPhone\":\"\",\"repairContent\":\"1\",\"repairType\":\"\",\"repairTime\":\"\",\"repairAddress\":\"\",\"urgency\":\"普通\",\"faultDescription\":\"\"}]','127.0.0.1',0,'2026-05-19 14:37:10'),(25,1,'admin','超级管理员','QUERY','客户','查询客户列表','com.saas.framework.controller.CustomerController.page','/api/customer/page','[1,1000,null,null,null,null,null,null,null]','127.0.0.1',0,'2026-05-19 14:37:15'),(26,1,'admin','超级管理员','QUERY','客户','查询客户列表','com.saas.framework.controller.CustomerController.page','/api/customer/page','[1,1000,null,null,null,null,null,null,null]','127.0.0.1',0,'2026-05-19 14:37:31'),(27,1,'admin','超级管理员','QUERY','客户','查询客户列表','com.saas.framework.controller.CustomerController.page','/api/customer/page','[1,10,\"\",\"\",\"\",\"\",\"\",null,\"\"]','127.0.0.1',0,'2026-05-19 14:37:45'),(28,1,'admin','超级管理员','CREATE','客户','新增客户','com.saas.framework.controller.CustomerController.create','/api/customer','[{\"name\":\"2\",\"address\":\"北京市市辖区东城区1\",\"region\":null,\"contactPerson\":\"1\",\"contactPhone\":\"18486300940\",\"businessCategory\":\"加气站类\",\"businessType\":\"CNG加气站\",\"cooperationCategory\":\"潜在\",\"cooperationStatus\":\"中潜力\",\"gasScale\":\"\",\"smartGasSystem\":\"\",\"contractInfo\":\"\",\"followUpPersonId\":1,\"followUpPerson\":\"admin\"}]','127.0.0.1',0,'2026-05-19 14:38:04'),(29,1,'admin','超级管理员','QUERY','客户','查询客户列表','com.saas.framework.controller.CustomerController.page','/api/customer/page','[1,10,\"\",\"\",\"\",\"\",\"\",null,\"\"]','127.0.0.1',0,'2026-05-19 14:38:05'),(30,1,'admin','超级管理员','QUERY','客户','查询客户列表','com.saas.framework.controller.CustomerController.page','/api/customer/page','[1,10,\"\",\"\",\"\",\"\",\"\",null,\"\"]','127.0.0.1',0,'2026-05-19 14:38:20'),(31,1,'admin','超级管理员','QUERY','客户','查看客户详情','com.saas.framework.controller.CustomerController.detail','/api/customer/17','[17]','127.0.0.1',0,'2026-05-19 14:38:24'),(32,1,'admin','超级管理员','QUERY','客户','查询客户附件列表','com.saas.framework.controller.CustomerController.listAttachments','/api/customer/17/attachments','[17]','127.0.0.1',0,'2026-05-19 14:38:24'),(33,1,'admin','超级管理员','QUERY','客户','查询客户修改记录','com.saas.framework.controller.CustomerController.listModifyLogs','/api/customer/17/modify-logs','[17]','127.0.0.1',0,'2026-05-19 14:38:24'),(34,1,'admin','超级管理员','UPDATE','客户','修改客户','com.saas.framework.controller.CustomerController.update','/api/customer/14','[14,{\"name\":\"1\",\"address\":\"北京市市辖区东城区\",\"region\":null,\"contactPerson\":\"1\",\"contactPhone\":\"18486300940\",\"businessCategory\":\"加气站类\",\"businessType\":\"CNG加气站\",\"cooperationCategory\":\"已合作\",\"cooperationStatus\":\"正常履约\",\"gasScale\":\"\",\"smartGasSystem\":\"\",\"contractInfo\":\"\",\"followUpPersonId\":null,\"followUpPerson\":\"\"}]','127.0.0.1',0,'2026-05-19 14:38:40'),(35,1,'admin','超级管理员','QUERY','客户','查询客户列表','com.saas.framework.controller.CustomerController.page','/api/customer/page','[1,10,\"\",\"\",\"\",\"\",\"\",null,\"\"]','127.0.0.1',0,'2026-05-19 14:38:41'),(36,1,'admin','超级管理员','QUERY','客户','查询客户列表','com.saas.framework.controller.CustomerController.page','/api/customer/page','[1,10,\"\",\"\",\"\",\"\",\"\",null,\"\"]','127.0.0.1',0,'2026-05-19 14:38:54'),(37,1,'admin','超级管理员','QUERY','客户','查询客户列表','com.saas.framework.controller.CustomerController.page','/api/customer/page','[1,1000,null,null,null,null,null,null,null]','127.0.0.1',0,'2026-05-19 14:38:58'),(38,1,'admin','超级管理员','CREATE','报修','新增报修单','com.saas.framework.controller.RepairController.create','/api/repair','[{\"customerId\":17,\"customerName\":\"2\",\"contactPerson\":\"1\",\"contactPhone\":\"18486300940\",\"repairContent\":\"2\",\"repairType\":\"\",\"repairTime\":\"\",\"repairAddress\":\"北京市市辖区东城区1\",\"urgency\":\"普通\",\"faultDescription\":\"\"}]','127.0.0.1',0,'2026-05-19 14:39:06'),(39,1,'admin','超级管理员','QUERY','客户','查询客户列表','com.saas.framework.controller.CustomerController.page','/api/customer/page','[1,1000,null,null,null,null,null,null,null]','127.0.0.1',0,'2026-05-19 14:39:23'),(40,1,'admin','超级管理员','QUERY','客户','查询客户列表','com.saas.framework.controller.CustomerController.page','/api/customer/page','[1,1000,null,null,null,null,null,null,null]','127.0.0.1',0,'2026-05-19 14:39:25'),(41,1,'admin','超级管理员','QUERY','客户','查询客户列表','com.saas.framework.controller.CustomerController.page','/api/customer/page','[1,1000,null,null,null,null,null,null,null]','127.0.0.1',0,'2026-05-19 14:39:25'),(42,1,'admin','超级管理员','UPDATE','报修','修改报修单','com.saas.framework.controller.RepairController.update','/api/repair/5','[5,{\"customerId\":14,\"customerName\":\"1\",\"contactPerson\":\"\",\"contactPhone\":\"\",\"repairContent\":\"1\",\"repairType\":\"\",\"repairTime\":\"2026-04-18 00:00:00\",\"repairAddress\":\"\",\"urgency\":\"普通\",\"faultDescription\":\"\"}]','127.0.0.1',0,'2026-05-19 14:39:59'),(43,1,'admin','超级管理员','QUERY','客户','查询客户列表','com.saas.framework.controller.CustomerController.page','/api/customer/page','[1,1000,null,null,null,null,null,null,null]','127.0.0.1',0,'2026-05-19 14:40:24'),(44,1,'admin','超级管理员','DELETE','报修','删除报修单','com.saas.framework.controller.RepairController.delete','/api/repair/6','[6]','127.0.0.1',0,'2026-05-19 14:40:26'),(45,1,'admin','超级管理员','QUERY','客户','查询客户列表','com.saas.framework.controller.CustomerController.page','/api/customer/page','[1,10,\"\",\"\",\"\",\"\",\"\",null,\"\"]','127.0.0.1',0,'2026-05-19 14:40:53'),(46,1,'admin','超级管理员','CREATE','租户','创建租户','com.saas.framework.controller.TenantController.create','/api/tenant','[{\"name\":\"cjb\",\"code\":\"xx1\",\"adminUsername\":\"admin1\",\"adminPassword\":\"admin\"}]','127.0.0.1',0,'2026-05-19 14:42:54'),(47,1,'admin','超级管理员','UPDATE','租户','修改租户状态','com.saas.framework.controller.TenantController.updateStatus','/api/tenant/1/status','[1,{\"status\":0}]','127.0.0.1',0,'2026-05-19 14:43:15'),(48,1,'admin','超级管理员','UPDATE','租户','修改租户状态','com.saas.framework.controller.TenantController.updateStatus','/api/tenant/1/status','[1,{\"status\":1}]','127.0.0.1',0,'2026-05-19 14:43:18'),(49,1,'admin','超级管理员','CREATE','租户','创建租户','com.saas.framework.controller.TenantController.create','/api/tenant','[{\"name\":\"1\",\"code\":\"1\",\"adminUsername\":\"admin1\",\"adminPassword\":\"123456\"}]','127.0.0.1',0,'2026-05-19 14:44:47'),(50,1,'admin','超级管理员','UPDATE','角色','修改角色','com.saas.framework.controller.RoleController.update','/api/role/8','[8,{\"name\":\"租户管理员\",\"permissionIds\":[1,3,21,22,23,24,4,31,32,33,34,5,7,51,52,53,54,55,56,57,8,71,72,73,74,75,76,77,78,79,80,81,82,83,84,85,86,87,88,89,90,91,92,93]}]','127.0.0.1',0,'2026-05-19 14:45:31'),(51,3,'admin1','1管理员','QUERY','客户','查询客户列表','com.saas.framework.controller.CustomerController.page','/api/customer/page','[1,10,\"\",\"\",\"\",\"\",\"\",null,\"\"]','127.0.0.1',2,'2026-05-19 14:45:53'),(52,3,'admin1','1管理员','QUERY','客户','查询客户列表','com.saas.framework.controller.CustomerController.page','/api/customer/page','[1,1000,null,null,null,null,null,null,null]','127.0.0.1',2,'2026-05-19 14:45:54'),(53,3,'admin1','1管理员','QUERY','客户','查询客户列表','com.saas.framework.controller.CustomerController.page','/api/customer/page','[1,1000,null,null,null,null,null,null,null]','127.0.0.1',2,'2026-05-19 14:45:54'),(54,1,'admin','超级管理员','UPDATE','角色','修改角色','com.saas.framework.controller.RoleController.update','/api/role/8','[8,{\"name\":\"租户管理员\",\"permissionIds\":[1,4,31,32,33,34,103,104,105,5,7,51,52,53,54,55,56,57,8,71,72,73,74,75,76,77,78,79,80,81,82,83,84,85,86,87,88,89,90,91,92,93,94,95,96,97,98,99,100,101,102]}]','127.0.0.1',0,'2026-05-19 14:46:44'),(55,1,'admin','超级管理员','UPDATE','角色','修改角色','com.saas.framework.controller.RoleController.update','/api/role/8','[8,{\"name\":\"租户管理员\",\"permissionIds\":[]}]','127.0.0.1',0,'2026-05-19 14:46:57'),(56,1,'admin','超级管理员','UPDATE','角色','修改角色','com.saas.framework.controller.RoleController.update','/api/role/8','[8,{\"name\":\"租户管理员\",\"permissionIds\":[1,4,31,32,33,34,103,104,105,5,7,51,52,53,54,55,56,57,8,71,72,73,74,75,76,77,78,79,80,81,82,83,84,85,86,87,88,89,90,91,92,93,94,95,96,97,98,99,100,101,102]}]','127.0.0.1',0,'2026-05-19 14:47:46'),(57,3,'admin1','1管理员','QUERY','客户','查询客户列表','com.saas.framework.controller.CustomerController.page','/api/customer/page','[1,10,\"\",\"\",\"\",\"\",\"\",null,\"\"]','127.0.0.1',2,'2026-05-19 14:48:16'),(58,3,'admin1','1管理员','QUERY','客户','查询客户列表','com.saas.framework.controller.CustomerController.page','/api/customer/page','[1,1000,null,null,null,null,null,null,null]','127.0.0.1',2,'2026-05-19 14:48:17'),(59,3,'admin1','1管理员','QUERY','客户','查询客户列表','com.saas.framework.controller.CustomerController.page','/api/customer/page','[1,1000,null,null,null,null,null,null,null]','127.0.0.1',2,'2026-05-19 14:48:18'),(60,1,'admin','超级管理员','UPDATE','角色','修改角色','com.saas.framework.controller.RoleController.update','/api/role/8','[8,{\"name\":\"租户管理员\",\"permissionIds\":[1,4,31,32,33,34,5,7,51,52,53,54,55,56,57,8,71,72,73,74,75,76,77,78,79,80,81,82,83,84,85,86,87,88,89,90,91,92,93,94,95,96,97,98,99,100,101,102]}]','127.0.0.1',0,'2026-05-19 14:49:34'),(61,1,'admin','超级管理员','UPDATE','角色','修改角色','com.saas.framework.controller.RoleController.update','/api/role/8','[8,{\"name\":\"租户管理员\",\"permissionIds\":[1,3,21,4,31,32,33,34,5,7,51,52,53,54,55,56,57,8,71,72,73,74,75,76,77,78,79,80,81,82,83,84,85,86,87,88,89,90,91,92,93,94,95,96,97,98,99,100,101,102]}]','127.0.0.1',0,'2026-05-19 14:50:57'),(62,1,'admin','超级管理员','UPDATE','角色','修改角色','com.saas.framework.controller.RoleController.update','/api/role/8','[8,{\"name\":\"租户管理员\",\"permissionIds\":[1,3,21,4,31,32,33,34,103,104,105,5,7,51,52,53,54,55,56,57,8,71,72,73,74,75,76,77,78,79,80,81,82,83,84,85,86,87,88,89,90,91,92,93,94,95,96,97,98,99,100,101,102]}]','127.0.0.1',0,'2026-05-19 14:51:38'),(63,1,'admin','超级管理员','QUERY','客户','查询客户列表','com.saas.framework.controller.CustomerController.page','/api/customer/page','[1,10,\"\",\"\",\"\",\"\",\"\",null,\"\"]','127.0.0.1',0,'2026-05-19 15:08:51'),(64,1,'admin','超级管理员','QUERY','客户','查询客户列表','com.saas.framework.controller.CustomerController.page','/api/customer/page','[1,10,\"\",\"\",\"\",\"\",\"\",null,\"\"]','127.0.0.1',0,'2026-05-19 15:08:59'),(65,1,'admin','超级管理员','QUERY','客户','查询客户列表','com.saas.framework.controller.CustomerController.page','/api/customer/page','[1,10,\"\",\"\",\"\",\"\",\"\",null,\"\"]','127.0.0.1',0,'2026-05-19 15:09:03'),(66,1,'admin','超级管理员','QUERY','客户','查询客户列表','com.saas.framework.controller.CustomerController.page','/api/customer/page','[1,10,\"\",\"\",\"\",\"\",\"\",null,\"\"]','127.0.0.1',0,'2026-05-19 15:09:31'),(67,1,'admin','超级管理员','QUERY','客户','查询客户列表','com.saas.framework.controller.CustomerController.page','/api/customer/page','[1,1000,null,null,null,null,null,null,null]','127.0.0.1',0,'2026-05-19 15:09:33'),(68,1,'admin','超级管理员','QUERY','客户','查询客户列表','com.saas.framework.controller.CustomerController.page','/api/customer/page','[1,10,\"\",\"\",\"\",\"\",\"\",null,\"\"]','127.0.0.1',0,'2026-05-19 15:09:35'),(69,1,'admin','超级管理员','QUERY','客户','查询客户列表','com.saas.framework.controller.CustomerController.page','/api/customer/page','[1,10,\"\",\"\",\"\",\"\",\"\",null,\"\"]','127.0.0.1',0,'2026-05-19 15:09:39'),(70,1,'admin','超级管理员','UPDATE','角色','修改角色','com.saas.framework.controller.RoleController.update','/api/role/8','[8,{\"name\":\"租户管理员\",\"permissionIds\":[1,3,21,4,31,32,33,34,5,7,51,52,53,54,55,56,57,8,71,72,73,74,75,76,77,78,79,80,81,82,83,84,85,86,87,88,89,90,91,92,93,94,95,96,97,98,99,100,101,102]}]','127.0.0.1',0,'2026-05-19 15:09:53'),(71,3,'admin1','1管理员','QUERY','客户','查询客户列表','com.saas.framework.controller.CustomerController.page','/api/customer/page','[1,10,\"\",\"\",\"\",\"\",\"\",null,\"\"]','127.0.0.1',2,'2026-05-19 15:10:01'),(72,3,'admin1','1管理员','QUERY','客户','查询客户列表','com.saas.framework.controller.CustomerController.page','/api/customer/page','[1,1000,null,null,null,null,null,null,null]','127.0.0.1',2,'2026-05-19 15:10:02'),(73,3,'admin1','1管理员','QUERY','客户','查询客户列表','com.saas.framework.controller.CustomerController.page','/api/customer/page','[1,1000,null,null,null,null,null,null,null]','127.0.0.1',2,'2026-05-19 15:10:03'),(74,3,'admin1','1管理员','QUERY','客户','查询客户列表','com.saas.framework.controller.CustomerController.page','/api/customer/page','[1,1000,null,null,null,null,null,null,null]','127.0.0.1',2,'2026-05-19 15:10:11'),(75,3,'admin1','1管理员','QUERY','客户','查询客户列表','com.saas.framework.controller.CustomerController.page','/api/customer/page','[1,1000,null,null,null,null,null,null,null]','127.0.0.1',2,'2026-05-19 15:10:12'),(76,1,'admin','超级管理员','QUERY','客户','查询客户列表','com.saas.framework.controller.CustomerController.page','/api/customer/page','[1,10,\"\",\"\",\"\",\"\",\"\",null,\"\"]','127.0.0.1',0,'2026-05-19 15:10:26'),(77,1,'admin','超级管理员','QUERY','客户','查询客户列表','com.saas.framework.controller.CustomerController.page','/api/customer/page','[1,1000,null,null,null,null,null,null,null]','127.0.0.1',0,'2026-05-19 15:10:57'),(78,1,'admin','超级管理员','QUERY','客户','查询客户列表','com.saas.framework.controller.CustomerController.page','/api/customer/page','[1,1000,null,null,null,null,null,null,null]','127.0.0.1',0,'2026-05-19 15:10:58'),(79,3,'admin1','1管理员','QUERY','客户','查询客户列表','com.saas.framework.controller.CustomerController.page','/api/customer/page','[1,10,\"\",\"\",\"\",\"\",\"\",null,\"\"]','127.0.0.1',2,'2026-05-19 15:16:58'),(80,3,'admin1','1管理员','QUERY','客户','查询客户列表','com.saas.framework.controller.CustomerController.page','/api/customer/page','[1,10,\"\",\"\",\"\",\"\",\"\",null,\"\"]','127.0.0.1',2,'2026-05-19 15:17:00'),(81,1,'admin','超级管理员','QUERY','客户','查询客户列表','com.saas.framework.controller.CustomerController.page','/api/customer/page','[1,1000,null,null,null,null,null,null,null]','127.0.0.1',0,'2026-05-19 15:17:29'),(82,1,'admin','超级管理员','CREATE','角色','新增角色','com.saas.framework.controller.RoleController.create','/api/role','[{\"name\":\"销售\",\"permissionIds\":[5,100,101,102]}]','127.0.0.1',0,'2026-05-19 15:20:33'),(83,1,'admin','超级管理员','DELETE','角色','删除角色','com.saas.framework.controller.RoleController.delete','/api/role/9','[9]','127.0.0.1',0,'2026-05-19 15:20:42'),(84,1,'admin','超级管理员','CREATE','角色','新增角色','com.saas.framework.controller.RoleController.create','/api/role','[{\"name\":\"销售\",\"permissionIds\":[5,7,51,52,53,54,55,56,57,8,71,72,73,74,75,76]}]','127.0.0.1',0,'2026-05-19 15:21:08'),(85,3,'admin1','1管理员','UPDATE','员工','修改员工','com.saas.framework.controller.UserController.update','/api/user/3','[3,{\"realName\":\"1管理员\",\"roleId\":8,\"status\":1}]','127.0.0.1',2,'2026-05-19 15:21:45'),(86,3,'admin1','1管理员','QUERY','客户','查询客户列表','com.saas.framework.controller.CustomerController.page','/api/customer/page','[1,10,\"\",\"\",\"\",\"\",\"\",null,\"\"]','127.0.0.1',2,'2026-05-19 15:23:04'),(87,1,'admin','超级管理员','DELETE','角色','删除角色','com.saas.framework.controller.RoleController.delete','/api/role/10','[10]','127.0.0.1',0,'2026-05-19 15:23:20'),(88,1,'admin','超级管理员','UPDATE','角色','修改角色','com.saas.framework.controller.RoleController.update','/api/role/8','[8,{\"name\":\"租户管理员\",\"permissionIds\":[1,3,21,22,23,24,4,31,32,33,34,103,104,105,5,7,51,52,53,54,55,56,57,8,71,72,73,74,75,76,77,78,79,80,81,82,83,84,85,86,87,88,89,90,91,92,93,94,95,96,97,98,99,100,101,102]}]','127.0.0.1',0,'2026-05-19 15:23:30'),(89,1,'admin','超级管理员','DELETE','角色','删除角色','com.saas.framework.controller.RoleController.delete','/api/role/2','[2]','127.0.0.1',0,'2026-05-19 15:24:29'),(90,1,'admin','超级管理员','DELETE','角色','删除角色','com.saas.framework.controller.RoleController.delete','/api/role/5','[5]','127.0.0.1',0,'2026-05-19 15:24:43'),(91,1,'admin','超级管理员','DELETE','角色','删除角色','com.saas.framework.controller.RoleController.delete','/api/role/6','[6]','127.0.0.1',0,'2026-05-19 15:24:45'),(92,1,'admin','超级管理员','DELETE','角色','删除角色','com.saas.framework.controller.RoleController.delete','/api/role/3','[3]','127.0.0.1',0,'2026-05-19 15:24:47'),(93,1,'admin','超级管理员','DELETE','角色','删除角色','com.saas.framework.controller.RoleController.delete','/api/role/4','[4]','127.0.0.1',0,'2026-05-19 15:24:49'),(94,3,'admin1','1管理员','CREATE','角色','新增角色','com.saas.framework.controller.RoleController.create','/api/role','[{\"name\":\"客户专员\",\"permissionIds\":[5,7,51,52,53,54,55,56,57,8,71,72,73,74,75,76]}]','127.0.0.1',2,'2026-05-19 15:26:03'),(95,3,'admin1','1管理员','CREATE','员工','新增员工','com.saas.framework.controller.UserController.create','/api/user','[{\"username\":\"yycz\",\"realName\":\"ycz\",\"roleId\":11,\"password\":\"123456\"}]','127.0.0.1',2,'2026-05-19 15:26:22'),(96,4,'yycz','ycz','QUERY','客户','查询客户列表','com.saas.framework.controller.CustomerController.page','/api/customer/page','[1,10,\"\",\"\",\"\",\"\",\"\",null,\"\"]','127.0.0.1',2,'2026-05-19 15:26:54'),(97,4,'yycz','ycz','QUERY','客户','查询客户列表','com.saas.framework.controller.CustomerController.page','/api/customer/page','[1,1000,null,null,null,null,null,null,null]','127.0.0.1',2,'2026-05-19 15:26:54'),(98,4,'yycz','ycz','QUERY','客户','查询客户列表','com.saas.framework.controller.CustomerController.page','/api/customer/page','[1,10,\"\",\"\",\"\",\"\",\"\",null,\"\"]','127.0.0.1',2,'2026-05-19 15:27:19'),(99,4,'yycz','ycz','QUERY','客户','查询客户列表','com.saas.framework.controller.CustomerController.page','/api/customer/page','[1,1000,null,null,null,null,null,null,null]','127.0.0.1',2,'2026-05-19 15:27:45'),(100,4,'yycz','ycz','QUERY','客户','查询客户列表','com.saas.framework.controller.CustomerController.page','/api/customer/page','[1,10,\"\",\"\",\"\",\"\",\"\",null,\"\"]','127.0.0.1',2,'2026-05-19 15:27:46'),(101,4,'yycz','ycz','QUERY','客户','查询客户列表','com.saas.framework.controller.CustomerController.page','/api/customer/page','[1,1000,null,null,null,null,null,null,null]','127.0.0.1',2,'2026-05-19 15:28:02'),(102,4,'yycz','ycz','QUERY','客户','查询客户列表','com.saas.framework.controller.CustomerController.page','/api/customer/page','[1,1000,null,null,null,null,null,null,null]','127.0.0.1',2,'2026-05-19 15:28:05'),(103,4,'yycz','ycz','QUERY','客户','查询客户列表','com.saas.framework.controller.CustomerController.page','/api/customer/page','[1,1000,null,null,null,null,null,null,null]','127.0.0.1',2,'2026-05-19 15:30:33'),(104,4,'yycz','ycz','QUERY','客户','查询客户列表','com.saas.framework.controller.CustomerController.page','/api/customer/page','[1,1000,null,null,null,null,null,null,null]','127.0.0.1',2,'2026-05-19 15:32:41'),(105,1,'admin','超级管理员','QUERY','客户','查询客户列表','com.saas.framework.controller.CustomerController.page','/api/customer/page','[1,10,\"\",\"\",\"\",\"\",\"\",null,\"\"]','127.0.0.1',0,'2026-05-19 15:32:53'),(106,1,'admin','超级管理员','QUERY','客户','查询客户列表','com.saas.framework.controller.CustomerController.page','/api/customer/page','[1,10,\"\",\"\",\"\",\"\",\"\",null,\"\"]','127.0.0.1',0,'2026-05-19 15:32:55'),(107,1,'admin','超级管理员','QUERY','客户','查询客户列表','com.saas.framework.controller.CustomerController.page','/api/customer/page','[1,1000,null,null,null,null,null,null,null]','127.0.0.1',0,'2026-05-19 15:32:57'),(108,1,'admin','超级管理员','QUERY','客户','查询客户列表','com.saas.framework.controller.CustomerController.page','/api/customer/page','[1,10,\"\",\"\",\"\",\"\",\"\",null,\"\"]','127.0.0.1',0,'2026-05-19 15:33:05'),(109,1,'admin','超级管理员','QUERY','客户','查询客户列表','com.saas.framework.controller.CustomerController.page','/api/customer/page','[1,10,\"\",\"\",\"\",\"\",\"\",null,\"\"]','127.0.0.1',0,'2026-05-19 15:33:11'),(110,1,'admin','超级管理员','QUERY','客户','查询客户列表','com.saas.framework.controller.CustomerController.page','/api/customer/page','[1,1000,null,null,null,null,null,null,null]','127.0.0.1',0,'2026-05-19 15:33:14'),(111,1,'admin','超级管理员','DELETE','角色','删除角色','com.saas.framework.controller.RoleController.delete','/api/role/13','[13]','127.0.0.1',0,'2026-05-21 09:13:33'),(112,1,'admin','超级管理员','DELETE','角色','删除角色','com.saas.framework.controller.RoleController.delete','/api/role/14','[14]','127.0.0.1',0,'2026-05-21 09:13:36'),(113,1,'admin','超级管理员','DELETE','角色','删除角色','com.saas.framework.controller.RoleController.delete','/api/role/15','[15]','127.0.0.1',0,'2026-05-21 09:13:38'),(114,1,'admin','超级管理员','DELETE','角色','删除角色','com.saas.framework.controller.RoleController.delete','/api/role/16','[16]','127.0.0.1',0,'2026-05-21 09:13:42'),(115,1,'admin','超级管理员','DELETE','角色','删除角色','com.saas.framework.controller.RoleController.delete','/api/role/12','[12]','127.0.0.1',0,'2026-05-21 09:13:45'),(116,1,'admin','超级管理员','QUERY','客户','查询客户列表','com.saas.framework.controller.CustomerController.page','/api/customer/page','[1,10,\"\",\"\",\"\",\"\",\"\",null,\"\"]','127.0.0.1',0,'2026-05-21 09:13:56'),(117,1,'admin','超级管理员','QUERY','客户','查询客户列表','com.saas.framework.controller.CustomerController.page','/api/customer/page','[1,10,\"\",\"\",\"\",\"\",\"\",null,\"\"]','127.0.0.1',0,'2026-05-21 09:14:05'),(118,1,'admin','超级管理员','QUERY','客户','查询客户列表','com.saas.framework.controller.CustomerController.page','/api/customer/page','[1,10,\"\",\"\",\"\",\"\",\"\",null,\"\"]','127.0.0.1',0,'2026-05-21 09:16:07'),(119,1,'admin','超级管理员','QUERY','客户','查询客户列表','com.saas.framework.controller.CustomerController.page','/api/customer/page','[1,10,\"\",\"\",\"\",\"\",\"\",null,\"\"]','127.0.0.1',0,'2026-05-21 09:16:09'),(120,1,'admin','超级管理员','QUERY','客户','查看客户详情','com.saas.framework.controller.CustomerController.detail','/api/customer/17','[17]','127.0.0.1',0,'2026-05-21 09:20:44'),(121,1,'admin','超级管理员','QUERY','客户','查询客户附件列表','com.saas.framework.controller.CustomerController.listAttachments','/api/customer/17/attachments','[17]','127.0.0.1',0,'2026-05-21 09:20:44'),(122,1,'admin','超级管理员','QUERY','客户','查询客户修改记录','com.saas.framework.controller.CustomerController.listModifyLogs','/api/customer/17/modify-logs','[17]','127.0.0.1',0,'2026-05-21 09:20:44'),(123,1,'admin','超级管理员','QUERY','客户','查询客户列表','com.saas.framework.controller.CustomerController.page','/api/customer/page','[1,1000,null,null,null,null,null,null,null]','127.0.0.1',0,'2026-05-21 09:21:24'),(124,1,'admin','超级管理员','QUERY','客户','查询客户列表','com.saas.framework.controller.CustomerController.page','/api/customer/page','[1,1000,null,null,null,null,null,null,null]','127.0.0.1',0,'2026-05-21 09:21:31'),(125,1,'admin','超级管理员','QUERY','客户','查询客户列表','com.saas.framework.controller.CustomerController.page','/api/customer/page','[1,10,\"\",\"\",\"\",\"\",\"\",null,\"\"]','127.0.0.1',0,'2026-05-21 09:23:37'),(126,1,'admin','超级管理员','QUERY','客户','查询客户列表','com.saas.framework.controller.CustomerController.page','/api/customer/page','[1,10,\"\",\"\",\"\",\"\",\"\",null,\"\"]','127.0.0.1',0,'2026-05-21 09:23:57'),(127,1,'admin','超级管理员','QUERY','客户','查询客户列表','com.saas.framework.controller.CustomerController.page','/api/customer/page','[1,1000,null,null,null,null,null,null,null]','127.0.0.1',0,'2026-05-21 09:24:06'),(128,1,'admin','超级管理员','QUERY','客户','查询客户列表','com.saas.framework.controller.CustomerController.page','/api/customer/page','[1,10,\"\",\"\",\"\",\"\",\"\",null,\"\"]','127.0.0.1',0,'2026-05-21 09:30:19'),(129,1,'admin','超级管理员','QUERY','客户','查看客户详情','com.saas.framework.controller.CustomerController.detail','/api/customer/17','[17]','127.0.0.1',0,'2026-05-21 09:30:23'),(130,1,'admin','超级管理员','QUERY','客户','查询客户修改记录','com.saas.framework.controller.CustomerController.listModifyLogs','/api/customer/17/modify-logs','[17]','127.0.0.1',0,'2026-05-21 09:30:24'),(131,1,'admin','超级管理员','QUERY','客户','查询客户附件列表','com.saas.framework.controller.CustomerController.listAttachments','/api/customer/17/attachments','[17]','127.0.0.1',0,'2026-05-21 09:30:24'),(132,1,'admin','超级管理员','QUERY','客户','查看客户详情','com.saas.framework.controller.CustomerController.detail','/api/customer/17','[17]','127.0.0.1',0,'2026-05-21 09:31:41'),(133,1,'admin','超级管理员','QUERY','客户','查询客户修改记录','com.saas.framework.controller.CustomerController.listModifyLogs','/api/customer/17/modify-logs','[17]','127.0.0.1',0,'2026-05-21 09:31:41'),(134,1,'admin','超级管理员','QUERY','客户','查询客户附件列表','com.saas.framework.controller.CustomerController.listAttachments','/api/customer/17/attachments','[17]','127.0.0.1',0,'2026-05-21 09:31:41'),(135,1,'admin','超级管理员','QUERY','客户','查询客户列表','com.saas.framework.controller.CustomerController.page','/api/customer/page','[1,1000,null,null,null,null,null,null,null]','127.0.0.1',0,'2026-05-21 09:31:48'),(136,1,'admin','超级管理员','QUERY','客户','查询客户列表','com.saas.framework.controller.CustomerController.page','/api/customer/page','[1,1000,null,null,null,null,null,null,null]','127.0.0.1',0,'2026-05-21 09:32:06'),(137,1,'admin','超级管理员','QUERY','客户','查询客户列表','com.saas.framework.controller.CustomerController.page','/api/customer/page','[1,1000,null,null,null,null,null,null,null]','127.0.0.1',0,'2026-05-21 09:32:19'),(138,1,'admin','超级管理员','QUERY','客户','查询客户列表','com.saas.framework.controller.CustomerController.page','/api/customer/page','[1,1000,null,null,null,null,null,null,null]','127.0.0.1',0,'2026-05-21 09:32:20'),(139,1,'admin','超级管理员','QUERY','客户','查询客户列表','com.saas.framework.controller.CustomerController.page','/api/customer/page','[1,1000,null,null,null,null,null,null,null]','127.0.0.1',0,'2026-05-21 09:33:50'),(140,1,'admin','超级管理员','UPDATE','角色','修改角色','com.saas.framework.controller.RoleController.update','/api/role/1','[1,{\"name\":\"超级管理员\",\"permissionIds\":[1,2,11,12,13,14,3,21,22,23,24,4,31,103,104,105,5,7,51,52,53,54,55,56,57,8,71,72,73,74,75,76,77,78,79,80,81,82,83,84,85,86,87,88,89,90,91,92,93,94,95,96,97,98,99,100,101,102]}]','127.0.0.1',0,'2026-05-21 09:34:09'),(141,1,'admin','超级管理员','QUERY','客户','查询客户列表','com.saas.framework.controller.CustomerController.page','/api/customer/page','[1,10,\"\",\"\",\"\",\"\",\"\",null,\"\"]','127.0.0.1',0,'2026-05-21 09:34:17'),(142,1,'admin','超级管理员','QUERY','客户','查看客户详情','com.saas.framework.controller.CustomerController.detail','/api/customer/17','[17]','127.0.0.1',0,'2026-05-21 09:34:23'),(143,1,'admin','超级管理员','QUERY','客户','查询客户修改记录','com.saas.framework.controller.CustomerController.listModifyLogs','/api/customer/17/modify-logs','[17]','127.0.0.1',0,'2026-05-21 09:34:24'),(144,1,'admin','超级管理员','QUERY','客户','查询客户附件列表','com.saas.framework.controller.CustomerController.listAttachments','/api/customer/17/attachments','[17]','127.0.0.1',0,'2026-05-21 09:34:24'),(145,1,'admin','超级管理员','QUERY','客户','查询客户列表','com.saas.framework.controller.CustomerController.page','/api/customer/page','[1,1000,null,null,null,null,null,null,null]','127.0.0.1',0,'2026-05-21 09:36:04'),(146,1,'admin','超级管理员','QUERY','客户','查询客户列表','com.saas.framework.controller.CustomerController.page','/api/customer/page','[1,1000,null,null,null,null,null,null,null]','127.0.0.1',0,'2026-05-21 09:36:05'),(147,1,'admin','超级管理员','QUERY','客户','查询客户列表','com.saas.framework.controller.CustomerController.page','/api/customer/page','[1,1000,null,null,null,null,null,null,null]','127.0.0.1',0,'2026-05-21 09:36:08'),(148,1,'admin','超级管理员','QUERY','客户','查询客户列表','com.saas.framework.controller.CustomerController.page','/api/customer/page','[1,10,\"\",\"\",\"\",\"\",\"\",null,\"\"]','127.0.0.1',0,'2026-05-21 09:36:09'),(149,1,'admin','超级管理员','QUERY','客户','查看客户详情','com.saas.framework.controller.CustomerController.detail','/api/customer/14','[14]','127.0.0.1',0,'2026-05-21 09:36:51'),(150,1,'admin','超级管理员','QUERY','客户','查询客户附件列表','com.saas.framework.controller.CustomerController.listAttachments','/api/customer/14/attachments','[14]','127.0.0.1',0,'2026-05-21 09:36:51'),(151,1,'admin','超级管理员','QUERY','客户','查询客户修改记录','com.saas.framework.controller.CustomerController.listModifyLogs','/api/customer/14/modify-logs','[14]','127.0.0.1',0,'2026-05-21 09:36:51'),(152,1,'admin','超级管理员','UPDATE','客户','标记客户无效','com.saas.framework.controller.CustomerController.markInvalid','/api/customer/17/invalid','[17]','127.0.0.1',0,'2026-05-21 09:37:20'),(153,1,'admin','超级管理员','QUERY','客户','查询客户列表','com.saas.framework.controller.CustomerController.page','/api/customer/page','[1,10,\"\",\"\",\"\",\"\",\"\",null,\"\"]','127.0.0.1',0,'2026-05-21 09:37:21'),(154,1,'admin','超级管理员','CREATE','客户','新增客户','com.saas.framework.controller.CustomerController.create','/api/customer','[{\"name\":\"2\",\"address\":\"北京市市辖区东城区\",\"region\":null,\"contactPerson\":\"1\",\"contactPhone\":\"18486300940\",\"businessCategory\":\"加气站类\",\"businessType\":\"CNG加气站\",\"cooperationCategory\":\"潜在\",\"cooperationStatus\":\"中潜力\",\"gasScale\":\"\",\"smartGasSystem\":\"\",\"contractInfo\":\"\",\"followUpPersonId\":1,\"followUpPerson\":\"admin\"}]','127.0.0.1',0,'2026-05-21 09:37:43'),(155,1,'admin','超级管理员','QUERY','客户','查询客户列表','com.saas.framework.controller.CustomerController.page','/api/customer/page','[1,10,\"\",\"\",\"\",\"\",\"\",null,\"\"]','127.0.0.1',0,'2026-05-21 09:37:44'),(156,1,'admin','超级管理员','QUERY','客户','查看客户详情','com.saas.framework.controller.CustomerController.detail','/api/customer/18','[18]','127.0.0.1',0,'2026-05-21 09:37:46'),(157,1,'admin','超级管理员','QUERY','客户','查询客户修改记录','com.saas.framework.controller.CustomerController.listModifyLogs','/api/customer/18/modify-logs','[18]','127.0.0.1',0,'2026-05-21 09:37:46'),(158,1,'admin','超级管理员','QUERY','客户','查询客户附件列表','com.saas.framework.controller.CustomerController.listAttachments','/api/customer/18/attachments','[18]','127.0.0.1',0,'2026-05-21 09:37:46'),(159,1,'admin','超级管理员','QUERY','客户','查询客户列表','com.saas.framework.controller.CustomerController.page','/api/customer/page','[1,1000,null,null,null,null,null,null,null]','127.0.0.1',0,'2026-05-21 09:37:54'),(160,1,'admin','超级管理员','QUERY','客户','查询客户列表','com.saas.framework.controller.CustomerController.page','/api/customer/page','[1,10,\"\",\"\",\"\",\"\",\"\",null,\"\"]','127.0.0.1',0,'2026-05-21 09:37:59'),(161,1,'admin','超级管理员','UPDATE','客户','修改客户','com.saas.framework.controller.CustomerController.update','/api/customer/14','[14,{\"name\":\"1\",\"address\":\"北京市市辖区东城区\",\"region\":null,\"contactPerson\":\"1\",\"contactPhone\":\"18486300940\",\"businessCategory\":\"加气站类\",\"businessType\":\"CNG加气站\",\"cooperationCategory\":\"已合作\",\"cooperationStatus\":\"正常履约\",\"gasScale\":\"\",\"smartGasSystem\":\"\",\"contractInfo\":\"\",\"followUpPersonId\":1,\"followUpPerson\":\"超级管理员\"}]','127.0.0.1',0,'2026-05-21 09:38:37'),(162,1,'admin','超级管理员','QUERY','客户','查询客户列表','com.saas.framework.controller.CustomerController.page','/api/customer/page','[1,10,\"\",\"\",\"\",\"\",\"\",null,\"\"]','127.0.0.1',0,'2026-05-21 09:38:37'),(163,1,'admin','超级管理员','QUERY','客户','查看客户详情','com.saas.framework.controller.CustomerController.detail','/api/customer/14','[14]','127.0.0.1',0,'2026-05-21 09:38:39'),(164,1,'admin','超级管理员','QUERY','客户','查询客户附件列表','com.saas.framework.controller.CustomerController.listAttachments','/api/customer/14/attachments','[14]','127.0.0.1',0,'2026-05-21 09:38:39'),(165,1,'admin','超级管理员','QUERY','客户','查询客户修改记录','com.saas.framework.controller.CustomerController.listModifyLogs','/api/customer/14/modify-logs','[14]','127.0.0.1',0,'2026-05-21 09:38:39'),(166,1,'admin','超级管理员','UPDATE','客户','标记客户无效','com.saas.framework.controller.CustomerController.markInvalid','/api/customer/14/invalid','[14]','127.0.0.1',0,'2026-05-21 09:38:43'),(167,1,'admin','超级管理员','QUERY','客户','查询客户列表','com.saas.framework.controller.CustomerController.page','/api/customer/page','[1,10,\"\",\"\",\"\",\"\",\"\",null,\"\"]','127.0.0.1',0,'2026-05-21 09:38:44'),(168,1,'admin','超级管理员','QUERY','客户','查询客户列表','com.saas.framework.controller.CustomerController.page','/api/customer/page','[1,1000,null,null,null,null,null,null,null]','127.0.0.1',0,'2026-05-21 09:40:56'),(169,1,'admin','超级管理员','QUERY','客户','查询客户列表','com.saas.framework.controller.CustomerController.page','/api/customer/page','[1,1000,null,null,null,null,null,null,null]','127.0.0.1',0,'2026-05-21 09:41:21'),(170,1,'admin','超级管理员','QUERY','客户','查询客户列表','com.saas.framework.controller.CustomerController.page','/api/customer/page','[1,1000,null,null,null,null,null,null,null]','127.0.0.1',0,'2026-05-21 09:41:26'),(171,1,'admin','超级管理员','QUERY','客户','查询客户列表','com.saas.framework.controller.CustomerController.page','/api/customer/page','[1,1000,null,null,null,null,null,null,null]','127.0.0.1',0,'2026-05-21 09:42:13'),(172,1,'admin','超级管理员','QUERY','客户','查询客户列表','com.saas.framework.controller.CustomerController.page','/api/customer/page','[1,1000,null,null,null,null,null,null,null]','127.0.0.1',0,'2026-05-21 09:45:50'),(173,1,'admin','超级管理员','QUERY','客户','查询客户列表','com.saas.framework.controller.CustomerController.page','/api/customer/page','[1,1000,null,null,null,null,null,null,null]','127.0.0.1',0,'2026-05-21 09:45:54'),(174,1,'admin','超级管理员','QUERY','客户','查询客户列表','com.saas.framework.controller.CustomerController.page','/api/customer/page','[1,1000,null,null,null,null,null,null,null]','127.0.0.1',0,'2026-05-21 09:45:56'),(175,3,'admin1','1管理员','QUERY','客户','查询客户列表','com.saas.framework.controller.CustomerController.page','/api/customer/page','[1,1000,null,null,null,null,null,null,null]','127.0.0.1',2,'2026-05-21 09:46:35'),(176,3,'admin1','1管理员','QUERY','客户','查询客户列表','com.saas.framework.controller.CustomerController.page','/api/customer/page','[1,1000,null,null,null,null,null,null,null]','127.0.0.1',2,'2026-05-21 09:46:37'),(177,3,'admin1','1管理员','QUERY','客户','查询客户列表','com.saas.framework.controller.CustomerController.page','/api/customer/page','[1,1000,null,null,null,null,null,null,null]','127.0.0.1',2,'2026-05-21 09:46:42'),(178,3,'admin1','1管理员','QUERY','客户','查询客户列表','com.saas.framework.controller.CustomerController.page','/api/customer/page','[1,1000,null,null,null,null,null,null,null]','127.0.0.1',2,'2026-05-21 09:46:43'),(179,3,'admin1','1管理员','QUERY','客户','查询客户列表','com.saas.framework.controller.CustomerController.page','/api/customer/page','[1,1000,null,null,null,null,null,null,null]','127.0.0.1',2,'2026-05-21 09:46:43'),(180,3,'admin1','1管理员','QUERY','客户','查询客户列表','com.saas.framework.controller.CustomerController.page','/api/customer/page','[1,1000,null,null,null,null,null,null,null]','127.0.0.1',2,'2026-05-21 09:46:44'),(181,3,'admin1','1管理员','QUERY','客户','查询客户列表','com.saas.framework.controller.CustomerController.page','/api/customer/page','[1,1000,null,null,null,null,null,null,null]','127.0.0.1',2,'2026-05-21 09:46:45'),(182,3,'admin1','1管理员','QUERY','客户','查询客户列表','com.saas.framework.controller.CustomerController.page','/api/customer/page','[1,1000,null,null,null,null,null,null,null]','127.0.0.1',2,'2026-05-21 09:46:45'),(183,3,'admin1','1管理员','QUERY','客户','查询客户列表','com.saas.framework.controller.CustomerController.page','/api/customer/page','[1,1000,null,null,null,null,null,null,null]','127.0.0.1',2,'2026-05-21 09:47:01'),(184,1,'admin','超级管理员','QUERY','客户','查询客户列表','com.saas.framework.controller.CustomerController.page','/api/customer/page','[1,1000,null,null,null,null,null,null,null]','127.0.0.1',0,'2026-05-21 09:47:38'),(185,1,'admin','超级管理员','QUERY','客户','查询客户列表','com.saas.framework.controller.CustomerController.page','/api/customer/page','[1,10,null,null,null,null,null,null,null]','127.0.0.1',0,'2026-05-21 09:55:41'),(186,1,'admin','超级管理员','QUERY','客户','查询客户列表','com.saas.framework.controller.CustomerController.page','/api/customer/page','[1,1000,null,null,null,null,null,null,null]','127.0.0.1',0,'2026-05-21 09:55:44'),(187,1,'admin','超级管理员','QUERY','客户','查询客户列表','com.saas.framework.controller.CustomerController.page','/api/customer/page','[1,10,null,null,null,null,null,null,null]','127.0.0.1',0,'2026-05-21 09:55:46'),(188,1,'admin','超级管理员','QUERY','客户','查询客户列表','com.saas.framework.controller.CustomerController.page','/api/customer/page','[1,1000,null,null,null,null,null,null,null]','127.0.0.1',0,'2026-05-21 09:56:29'),(189,1,'admin','超级管理员','QUERY','客户','查询客户列表','com.saas.framework.controller.CustomerController.page','/api/customer/page','[1,10,null,null,null,null,null,null,null]','127.0.0.1',0,'2026-05-21 09:56:30'),(190,1,'admin','超级管理员','QUERY','客户','查询客户列表','com.saas.framework.controller.CustomerController.page','/api/customer/page','[1,10,null,null,null,null,null,null,null]','127.0.0.1',0,'2026-05-21 10:01:20'),(191,1,'admin','超级管理员','QUERY','客户','查看客户详情','com.saas.framework.controller.CustomerController.detail','/api/customer/18','[18]','127.0.0.1',0,'2026-05-21 10:02:03'),(192,1,'admin','超级管理员','QUERY','客户','查询客户列表','com.saas.framework.controller.CustomerController.page','/api/customer/page','[1,10,null,null,null,null,null,null,null]','127.0.0.1',0,'2026-05-21 10:03:14'),(193,1,'admin','超级管理员','QUERY','客户','查询客户列表','com.saas.framework.controller.CustomerController.page','/api/customer/page','[1,1000,null,null,null,null,null,null,null]','127.0.0.1',0,'2026-05-21 10:03:22'),(194,1,'admin','超级管理员','QUERY','客户','查询客户列表','com.saas.framework.controller.CustomerController.page','/api/customer/page','[1,10,null,null,null,null,null,null,null]','127.0.0.1',0,'2026-05-21 10:03:25'),(195,1,'admin','超级管理员','QUERY','客户','查询客户列表','com.saas.framework.controller.CustomerController.page','/api/customer/page','[1,1000,null,null,null,null,null,null,null]','127.0.0.1',0,'2026-05-21 10:03:30'),(196,1,'admin','超级管理员','QUERY','客户','查询客户列表','com.saas.framework.controller.CustomerController.page','/api/customer/page','[1,1000,null,null,null,null,null,null,null]','127.0.0.1',0,'2026-05-21 10:04:20'),(197,1,'admin','超级管理员','QUERY','客户','查询客户列表','com.saas.framework.controller.CustomerController.page','/api/customer/page','[1,1000,null,null,null,null,null,null,null]','127.0.0.1',0,'2026-05-21 10:04:23'),(198,1,'admin','超级管理员','QUERY','客户','查询客户列表','com.saas.framework.controller.CustomerController.page','/api/customer/page','[1,1000,null,null,null,null,null,null,null]','127.0.0.1',0,'2026-05-21 10:04:28'),(199,1,'admin','超级管理员','QUERY','客户','查询客户列表','com.saas.framework.controller.CustomerController.page','/api/customer/page','[1,10,null,null,null,null,null,null,null]','127.0.0.1',0,'2026-05-21 10:04:28'),(200,1,'admin','超级管理员','QUERY','客户','查询客户列表','com.saas.framework.controller.CustomerController.page','/api/customer/page','[1,10,null,null,null,null,null,null,null]','127.0.0.1',0,'2026-05-21 10:04:32'),(201,1,'admin','超级管理员','QUERY','客户','查询客户附件列表','com.saas.framework.controller.CustomerController.listAttachments','/api/customer/18/attachments','[18]','127.0.0.1',0,'2026-05-21 10:05:00'),(202,1,'admin','超级管理员','QUERY','客户','查看客户详情','com.saas.framework.controller.CustomerController.detail','/api/customer/18','[18]','127.0.0.1',0,'2026-05-21 10:05:00'),(203,1,'admin','超级管理员','QUERY','客户','查询客户修改记录','com.saas.framework.controller.CustomerController.listModifyLogs','/api/customer/18/modify-logs','[18]','127.0.0.1',0,'2026-05-21 10:05:00'),(204,1,'admin','超级管理员','QUERY','客户','查看客户详情','com.saas.framework.controller.CustomerController.detail','/api/customer/18','[18]','127.0.0.1',0,'2026-05-21 10:05:05'),(205,1,'admin','超级管理员','QUERY','客户','查询客户列表','com.saas.framework.controller.CustomerController.page','/api/customer/page','[1,1000,null,null,null,null,null,null,null]','127.0.0.1',0,'2026-05-21 10:05:09'),(206,1,'admin','超级管理员','QUERY','客户','查询客户列表','com.saas.framework.controller.CustomerController.page','/api/customer/page','[1,10,null,null,null,null,null,null,null]','127.0.0.1',0,'2026-05-21 10:05:11'),(207,1,'admin','超级管理员','QUERY','客户','查看客户详情','com.saas.framework.controller.CustomerController.detail','/api/customer/18','[18]','127.0.0.1',0,'2026-05-21 10:05:14'),(208,1,'admin','超级管理员','QUERY','客户','查询客户附件列表','com.saas.framework.controller.CustomerController.listAttachments','/api/customer/18/attachments','[18]','127.0.0.1',0,'2026-05-21 10:05:15'),(209,1,'admin','超级管理员','QUERY','客户','查询客户修改记录','com.saas.framework.controller.CustomerController.listModifyLogs','/api/customer/18/modify-logs','[18]','127.0.0.1',0,'2026-05-21 10:05:15'),(210,1,'admin','超级管理员','QUERY','客户','查看客户详情','com.saas.framework.controller.CustomerController.detail','/api/customer/18','[18]','127.0.0.1',0,'2026-05-21 10:05:18'),(211,1,'admin','超级管理员','QUERY','客户','查询客户附件列表','com.saas.framework.controller.CustomerController.listAttachments','/api/customer/18/attachments','[18]','127.0.0.1',0,'2026-05-21 10:05:18'),(212,1,'admin','超级管理员','QUERY','客户','查询客户修改记录','com.saas.framework.controller.CustomerController.listModifyLogs','/api/customer/18/modify-logs','[18]','127.0.0.1',0,'2026-05-21 10:05:18'),(213,1,'admin','超级管理员','QUERY','客户','查询客户列表','com.saas.framework.controller.CustomerController.page','/api/customer/page','[1,10,null,null,null,null,null,null,null]','127.0.0.1',0,'2026-05-21 10:05:21'),(214,1,'admin','超级管理员','QUERY','客户','查询客户修改记录','com.saas.framework.controller.CustomerController.listModifyLogs','/api/customer/18/modify-logs','[18]','127.0.0.1',0,'2026-05-21 10:05:23'),(215,1,'admin','超级管理员','QUERY','客户','查询客户附件列表','com.saas.framework.controller.CustomerController.listAttachments','/api/customer/18/attachments','[18]','127.0.0.1',0,'2026-05-21 10:05:23'),(216,1,'admin','超级管理员','QUERY','客户','查看客户详情','com.saas.framework.controller.CustomerController.detail','/api/customer/18','[18]','127.0.0.1',0,'2026-05-21 10:05:23'),(217,1,'admin','超级管理员','QUERY','客户','查看客户详情','com.saas.framework.controller.CustomerController.detail','/api/customer/18','[18]','127.0.0.1',0,'2026-05-21 10:05:25'),(218,1,'admin','超级管理员','QUERY','客户','查询客户修改记录','com.saas.framework.controller.CustomerController.listModifyLogs','/api/customer/18/modify-logs','[18]','127.0.0.1',0,'2026-05-21 10:05:25'),(219,1,'admin','超级管理员','QUERY','客户','查询客户附件列表','com.saas.framework.controller.CustomerController.listAttachments','/api/customer/18/attachments','[18]','127.0.0.1',0,'2026-05-21 10:05:25'),(220,1,'admin','超级管理员','QUERY','客户','查询客户列表','com.saas.framework.controller.CustomerController.page','/api/customer/page','[1,10,null,null,null,null,null,null,null]','127.0.0.1',0,'2026-05-21 10:05:27'),(221,1,'admin','超级管理员','QUERY','客户','查看客户详情','com.saas.framework.controller.CustomerController.detail','/api/customer/18','[18]','127.0.0.1',0,'2026-05-21 10:05:28'),(222,1,'admin','超级管理员','QUERY','客户','查询客户附件列表','com.saas.framework.controller.CustomerController.listAttachments','/api/customer/18/attachments','[18]','127.0.0.1',0,'2026-05-21 10:05:29'),(223,1,'admin','超级管理员','QUERY','客户','查询客户修改记录','com.saas.framework.controller.CustomerController.listModifyLogs','/api/customer/18/modify-logs','[18]','127.0.0.1',0,'2026-05-21 10:05:29'),(224,1,'admin','超级管理员','QUERY','客户','查询客户附件列表','com.saas.framework.controller.CustomerController.listAttachments','/api/customer/18/attachments','[18]','127.0.0.1',0,'2026-05-21 10:06:09'),(225,1,'admin','超级管理员','QUERY','客户','查看客户详情','com.saas.framework.controller.CustomerController.detail','/api/customer/18','[18]','127.0.0.1',0,'2026-05-21 10:06:09'),(226,1,'admin','超级管理员','QUERY','客户','查询客户修改记录','com.saas.framework.controller.CustomerController.listModifyLogs','/api/customer/18/modify-logs','[18]','127.0.0.1',0,'2026-05-21 10:06:09'),(227,1,'admin','超级管理员','QUERY','客户','查询客户列表','com.saas.framework.controller.CustomerController.page','/api/customer/page','[1,1000,null,null,null,null,null,null,null]','127.0.0.1',0,'2026-05-21 10:06:57'),(228,1,'admin','超级管理员','QUERY','客户','查询客户列表','com.saas.framework.controller.CustomerController.page','/api/customer/page','[1,1000,null,null,null,null,null,null,null]','127.0.0.1',0,'2026-05-21 10:06:59'),(229,1,'admin','超级管理员','QUERY','客户','查询客户列表（失败）','com.saas.framework.controller.CustomerController.page','/api/customer/page','[1,10,null,null,null,null,null,null,null]','127.0.0.1',0,'2026-05-21 10:13:15'),(230,1,'admin','超级管理员','QUERY','客户','查询客户列表（失败）','com.saas.framework.controller.CustomerController.page','/api/customer/page','[1,1000,null,null,null,null,null,null,null]','127.0.0.1',0,'2026-05-21 10:15:58'),(231,1,'admin','超级管理员','QUERY','客户','查询客户列表（失败）','com.saas.framework.controller.CustomerController.page','/api/customer/page','[1,1000,null,null,null,null,null,null,null]','127.0.0.1',0,'2026-05-21 10:15:59'),(232,1,'admin','超级管理员','QUERY','客户','查询客户列表（失败）','com.saas.framework.controller.CustomerController.page','/api/customer/page','[1,1000,null,null,null,null,null,null,null,null]','127.0.0.1',0,'2026-05-21 10:16:21'),(233,1,'admin','超级管理员','QUERY','客户','查询客户列表（失败）','com.saas.framework.controller.CustomerController.page','/api/customer/page','[1,10,null,null,null,null,null,null,null,null]','127.0.0.1',0,'2026-05-21 10:16:22'),(234,1,'admin','超级管理员','QUERY','客户','查询客户列表（失败）','com.saas.framework.controller.CustomerController.page','/api/customer/page','[1,1000,null,null,null,null,null,null,null,null]','127.0.0.1',0,'2026-05-21 10:16:38'),(235,1,'admin','超级管理员','QUERY','客户','查询客户列表','com.saas.framework.controller.CustomerController.page','/api/customer/page','[1,10,null,null,null,null,null,null,null,null]','127.0.0.1',0,'2026-05-21 10:18:34'),(236,1,'admin','超级管理员','QUERY','客户','查看客户详情','com.saas.framework.controller.CustomerController.detail','/api/customer/18','[18]','127.0.0.1',0,'2026-05-21 10:18:37'),(237,1,'admin','超级管理员','QUERY','客户','查询客户列表','com.saas.framework.controller.CustomerController.page','/api/customer/page','[1,1000,null,null,null,null,null,null,null,null]','127.0.0.1',0,'2026-05-21 10:18:53'),(238,1,'admin','超级管理员','QUERY','客户','查询客户列表','com.saas.framework.controller.CustomerController.page','/api/customer/page','[1,10,null,null,null,null,null,null,null,null]','127.0.0.1',0,'2026-05-21 10:18:54'),(239,1,'admin','超级管理员','QUERY','客户','查询客户列表','com.saas.framework.controller.CustomerController.page','/api/customer/page','[1,10,null,null,null,null,null,null,null,null]','127.0.0.1',0,'2026-05-21 10:21:16'),(240,1,'admin','超级管理员','QUERY','客户','查询客户列表','com.saas.framework.controller.CustomerController.page','/api/customer/page','[1,1000,null,null,null,null,null,null,null,null]','127.0.0.1',0,'2026-05-21 10:21:29'),(241,1,'admin','超级管理员','QUERY','客户','查询客户列表','com.saas.framework.controller.CustomerController.page','/api/customer/page','[1,10,null,null,null,null,null,null,null,null]','127.0.0.1',0,'2026-05-21 10:21:32'),(242,1,'admin','超级管理员','QUERY','客户','查询客户列表','com.saas.framework.controller.CustomerController.page','/api/customer/page','[1,10,null,null,null,null,null,null,null,null]','127.0.0.1',0,'2026-05-21 10:23:05'),(243,1,'admin','超级管理员','QUERY','客户','查看客户详情','com.saas.framework.controller.CustomerController.detail','/api/customer/18','[18]','127.0.0.1',0,'2026-05-21 10:23:09'),(244,1,'admin','超级管理员','QUERY','客户','查询客户修改记录','com.saas.framework.controller.CustomerController.listModifyLogs','/api/customer/18/modify-logs','[18]','127.0.0.1',0,'2026-05-21 10:23:09'),(245,1,'admin','超级管理员','QUERY','客户','查询客户附件列表','com.saas.framework.controller.CustomerController.listAttachments','/api/customer/18/attachments','[18]','127.0.0.1',0,'2026-05-21 10:23:09'),(246,1,'admin','超级管理员','QUERY','客户','查询客户列表','com.saas.framework.controller.CustomerController.page','/api/customer/page','[1,1000,null,null,null,null,null,null,null,null]','127.0.0.1',0,'2026-05-21 10:23:13'),(247,1,'admin','超级管理员','QUERY','客户','查询客户列表','com.saas.framework.controller.CustomerController.page','/api/customer/page','[1,10,null,null,null,null,null,null,null,null]','127.0.0.1',0,'2026-05-21 10:23:15'),(248,1,'admin','超级管理员','QUERY','客户','查询客户列表','com.saas.framework.controller.CustomerController.page','/api/customer/page','[1,10,null,null,null,null,null,null,null,null]','127.0.0.1',0,'2026-05-21 10:28:19'),(249,1,'admin','超级管理员','CREATE','跟进','新增跟进记录','com.saas.framework.controller.FollowUpController.createRecord','/api/follow-up/records','[{\"customerId\":18,\"followUpTime\":\"2026-05-21 00:00:00\",\"followUpPersonId\":null,\"followUpPerson\":null,\"followUpMethod\":1,\"followUpContent\":\"1\",\"nextPlan\":\"\",\"followUpStatus\":1}]','127.0.0.1',0,'2026-05-21 10:28:48'),(250,1,'admin','超级管理员','DELETE','跟进','删除跟进记录','com.saas.framework.controller.FollowUpController.deleteRecord','/api/follow-up/records/5','[5]','127.0.0.1',0,'2026-05-21 10:28:50'),(251,1,'admin','超级管理员','QUERY','客户','查看客户详情','com.saas.framework.controller.CustomerController.detail','/api/customer/18','[18]','127.0.0.1',0,'2026-05-21 10:28:52'),(252,1,'admin','超级管理员','QUERY','客户','查询客户附件列表','com.saas.framework.controller.CustomerController.listAttachments','/api/customer/18/attachments','[18]','127.0.0.1',0,'2026-05-21 10:28:55'),(253,1,'admin','超级管理员','QUERY','客户','查询客户修改记录','com.saas.framework.controller.CustomerController.listModifyLogs','/api/customer/18/modify-logs','[18]','127.0.0.1',0,'2026-05-21 10:28:55'),(254,1,'admin','超级管理员','QUERY','客户','查看客户详情','com.saas.framework.controller.CustomerController.detail','/api/customer/18','[18]','127.0.0.1',0,'2026-05-21 10:28:55'),(255,1,'admin','超级管理员','QUERY','客户','查询客户列表','com.saas.framework.controller.CustomerController.page','/api/customer/page','[1,10,null,null,null,null,null,null,null,null]','127.0.0.1',0,'2026-05-21 10:48:39'),(256,1,'admin','超级管理员','QUERY','客户','查询客户附件列表','com.saas.framework.controller.CustomerController.listAttachments','/api/customer/18/attachments','[18]','127.0.0.1',0,'2026-05-21 10:48:43'),(257,1,'admin','超级管理员','QUERY','客户','查询客户修改记录','com.saas.framework.controller.CustomerController.listModifyLogs','/api/customer/18/modify-logs','[18]','127.0.0.1',0,'2026-05-21 10:48:43'),(258,1,'admin','超级管理员','QUERY','客户','查看客户详情','com.saas.framework.controller.CustomerController.detail','/api/customer/18','[18]','127.0.0.1',0,'2026-05-21 10:48:43'),(259,1,'admin','超级管理员','QUERY','客户','查询客户列表','com.saas.framework.controller.CustomerController.page','/api/customer/page','[1,1000,null,null,null,null,null,null,null,null]','127.0.0.1',0,'2026-05-21 10:48:46'),(260,1,'admin','超级管理员','QUERY','客户','查询客户列表','com.saas.framework.controller.CustomerController.page','/api/customer/page','[1,10,null,null,null,null,null,null,null,null]','127.0.0.1',0,'2026-05-21 10:48:58'),(261,1,'admin','超级管理员','QUERY','客户','查看客户详情','com.saas.framework.controller.CustomerController.detail','/api/customer/18','[18]','127.0.0.1',0,'2026-05-21 10:49:02'),(262,1,'admin','超级管理员','QUERY','客户','查询客户修改记录','com.saas.framework.controller.CustomerController.listModifyLogs','/api/customer/18/modify-logs','[18]','127.0.0.1',0,'2026-05-21 10:49:02'),(263,1,'admin','超级管理员','QUERY','客户','查询客户附件列表','com.saas.framework.controller.CustomerController.listAttachments','/api/customer/18/attachments','[18]','127.0.0.1',0,'2026-05-21 10:49:02'),(264,1,'admin','超级管理员','QUERY','客户','查询客户列表','com.saas.framework.controller.CustomerController.page','/api/customer/page','[1,10,null,null,null,null,null,null,null,null]','127.0.0.1',0,'2026-05-21 10:52:08'),(265,1,'admin','超级管理员','QUERY','客户','查看客户详情','com.saas.framework.controller.CustomerController.detail','/api/customer/18','[18]','127.0.0.1',0,'2026-05-21 11:09:21'),(266,1,'admin','超级管理员','QUERY','客户','查询客户修改记录','com.saas.framework.controller.CustomerController.listModifyLogs','/api/customer/18/modify-logs','[18]','127.0.0.1',0,'2026-05-21 11:09:21'),(267,1,'admin','超级管理员','QUERY','客户','查询客户附件列表','com.saas.framework.controller.CustomerController.listAttachments','/api/customer/18/attachments','[18]','127.0.0.1',0,'2026-05-21 11:09:21'),(268,1,'admin','超级管理员','EXPORT','客户','导出客户','com.saas.framework.controller.CustomerController.exportCustomers','/api/customer/export','[]','127.0.0.1',0,'2026-05-21 11:09:31'),(269,1,'admin','超级管理员','EXPORT','客户','导出客户','com.saas.framework.controller.CustomerController.exportCustomers','/api/customer/export','[]','127.0.0.1',0,'2026-05-21 11:09:31'),(270,1,'admin','超级管理员','QUERY','客户','查询客户列表','com.saas.framework.controller.CustomerController.page','/api/customer/page','[1,10,null,null,null,null,null,null,null,null]','127.0.0.1',0,'2026-05-21 11:13:32'),(271,1,'admin','超级管理员','QUERY','客户','查询客户列表','com.saas.framework.controller.CustomerController.page','/api/customer/page','[1,1000,null,null,null,null,null,null,null,null]','127.0.0.1',0,'2026-05-21 11:39:09'),(272,1,'admin','超级管理员','QUERY','客户','查询客户列表','com.saas.framework.controller.CustomerController.page','/api/customer/page','[1,10,null,null,null,null,null,null,null,null]','127.0.0.1',0,'2026-05-21 11:39:10'),(273,1,'admin','超级管理员','QUERY','客户','查询客户列表','com.saas.framework.controller.CustomerController.page','/api/customer/page','[1,1000,null,null,null,null,null,null,null,null]','127.0.0.1',0,'2026-05-21 11:39:27'),(274,1,'admin','超级管理员','QUERY','客户','查询客户列表','com.saas.framework.controller.CustomerController.page','/api/customer/page','[1,10,null,null,null,null,null,null,null,null]','127.0.0.1',0,'2026-05-21 11:39:28'),(275,1,'admin','超级管理员','QUERY','客户','查询客户列表','com.saas.framework.controller.CustomerController.page','/api/customer/page','[1,1000,null,null,null,null,null,null,null,null]','127.0.0.1',0,'2026-05-21 11:39:30'),(276,1,'admin','超级管理员','CREATE','合同','新增合同','com.saas.framework.controller.ContractController.create','/api/contract','[{\"contractNo\":\"2\",\"contractType\":null,\"customerId\":18,\"customerName\":\"2\",\"signDate\":\"2026-05-21\",\"expireDate\":\"2026-05-30\",\"contractAmount\":null,\"serviceContent\":\"\",\"paymentMethod\":\"\",\"personInChargeId\":null,\"personInCharge\":\"\",\"remark\":\"\",\"contractStatus\":\"\"}]','127.0.0.1',0,'2026-05-21 11:39:40'),(277,1,'admin','超级管理员','QUERY','客户','查询客户列表','com.saas.framework.controller.CustomerController.page','/api/customer/page','[1,10,null,null,null,null,null,null,null,null]','127.0.0.1',0,'2026-05-21 11:39:42'),(278,4,'yycz','ycz','QUERY','客户','查询客户列表','com.saas.framework.controller.CustomerController.page','/api/customer/page','[1,10,null,null,null,null,null,null,null,null]','127.0.0.1',2,'2026-05-21 12:04:15'),(279,4,'yycz','ycz','QUERY','客户','查询客户列表','com.saas.framework.controller.CustomerController.page','/api/customer/page','[1,10,null,null,null,null,null,null,null,null]','127.0.0.1',2,'2026-05-21 12:05:16'),(280,4,'yycz','ycz','QUERY','客户','查询客户列表','com.saas.framework.controller.CustomerController.page','/api/customer/page','[1,1000,null,null,null,null,null,null,null,null]','127.0.0.1',2,'2026-05-21 12:05:18'),(281,4,'yycz','ycz','QUERY','客户','查询客户列表','com.saas.framework.controller.CustomerController.page','/api/customer/page','[1,10,null,null,null,null,null,null,null,null]','127.0.0.1',2,'2026-05-21 12:05:19'),(282,1,'admin','超级管理员','QUERY','客户','查询客户列表','com.saas.framework.controller.CustomerController.page','/api/customer/page','[1,10,null,null,null,null,null,null,null,null]','127.0.0.1',0,'2026-05-21 12:05:24'),(283,3,'admin1','1管理员','QUERY','客户','查询客户列表','com.saas.framework.controller.CustomerController.page','/api/customer/page','[1,10,null,null,null,null,null,null,null,null]','127.0.0.1',2,'2026-05-21 12:05:36'),(284,3,'admin1','1管理员','CREATE','客户','新增客户','com.saas.framework.controller.CustomerController.create','/api/customer','[{\"name\":\"1\",\"address\":\"\",\"region\":null,\"contactPerson\":\"1\",\"contactPhone\":\"123\",\"businessCategory\":\"加气站类\",\"businessType\":\"CNG加气站\",\"cooperationCategory\":\"已合作\",\"cooperationStatus\":\"正常履约\",\"maintenanceCategory\":\"\",\"gasScale\":\"\",\"smartGasSystem\":\"\",\"contractInfo\":\"\",\"followUpPersonId\":null,\"followUpPerson\":\"\"}]','127.0.0.1',2,'2026-05-21 12:05:54'),(285,3,'admin1','1管理员','QUERY','客户','查询客户列表','com.saas.framework.controller.CustomerController.page','/api/customer/page','[1,10,null,null,null,null,null,null,null,null]','127.0.0.1',2,'2026-05-21 12:05:54'),(286,3,'admin1','1管理员','QUERY','客户','查询客户列表','com.saas.framework.controller.CustomerController.page','/api/customer/page','[1,1000,null,null,null,null,null,null,null,null]','127.0.0.1',2,'2026-05-21 12:05:58'),(287,3,'admin1','1管理员','QUERY','客户','查询客户列表','com.saas.framework.controller.CustomerController.page','/api/customer/page','[1,10,null,null,null,null,null,null,null,null]','127.0.0.1',2,'2026-05-21 12:05:58'),(288,3,'admin1','1管理员','QUERY','客户','查询客户列表','com.saas.framework.controller.CustomerController.page','/api/customer/page','[1,1000,null,null,null,null,null,null,null,null]','127.0.0.1',2,'2026-05-21 12:05:59'),(289,3,'admin1','1管理员','QUERY','客户','查询客户列表','com.saas.framework.controller.CustomerController.page','/api/customer/page','[1,1000,null,null,null,null,null,null,null,null]','127.0.0.1',2,'2026-05-21 12:06:00'),(290,3,'admin1','1管理员','QUERY','客户','查询客户列表','com.saas.framework.controller.CustomerController.page','/api/customer/page','[1,10,null,null,null,null,null,null,null,null]','127.0.0.1',2,'2026-05-21 12:06:01'),(291,1,'admin','超级管理员','QUERY','客户','查询客户列表','com.saas.framework.controller.CustomerController.page','/api/customer/page','[1,10,null,null,null,null,null,null,null,null]','127.0.0.1',0,'2026-05-21 12:06:09'),(292,1,'admin','超级管理员','QUERY','客户','查询客户列表','com.saas.framework.controller.CustomerController.page','/api/customer/page','[1,10,null,null,null,null,null,null,null,null]','127.0.0.1',0,'2026-05-21 12:07:19'),(293,3,'admin1','1管理员','QUERY','客户','查询客户列表','com.saas.framework.controller.CustomerController.page','/api/customer/page','[1,10,null,null,null,null,null,null,null,null]','127.0.0.1',2,'2026-05-21 12:07:24'),(294,3,'admin1','1管理员','QUERY','客户','查询客户列表','com.saas.framework.controller.CustomerController.page','/api/customer/page','[1,1000,null,null,null,null,null,null,null,null]','127.0.0.1',2,'2026-05-21 12:07:28'),(295,1,'admin','超级管理员','QUERY','客户','查询客户列表','com.saas.framework.controller.CustomerController.page','/api/customer/page','[1,10,null,null,null,null,null,null,null,null]','127.0.0.1',0,'2026-05-21 12:08:10'),(296,1,'admin','超级管理员','QUERY','客户','查询客户列表','com.saas.framework.controller.CustomerController.page','/api/customer/page','[1,1000,null,null,null,null,null,null,null,null]','127.0.0.1',0,'2026-05-21 12:08:57'),(297,3,'admin1','1管理员','QUERY','客户','查询客户列表','com.saas.framework.controller.CustomerController.page','/api/customer/page','[1,10,null,null,null,null,null,null,null,null]','127.0.0.1',2,'2026-05-21 12:09:09'),(298,3,'admin1','1管理员','DELETE','客户','删除客户','com.saas.framework.controller.CustomerController.delete','/api/customer/19','[19]','127.0.0.1',2,'2026-05-21 12:09:11'),(299,3,'admin1','1管理员','QUERY','客户','查询客户列表','com.saas.framework.controller.CustomerController.page','/api/customer/page','[1,10,null,null,null,null,null,null,null,null]','127.0.0.1',2,'2026-05-21 12:09:11'),(300,3,'admin1','1管理员','QUERY','客户','查询客户列表','com.saas.framework.controller.CustomerController.page','/api/customer/page','[1,10,null,null,null,null,null,null,null,null]','127.0.0.1',2,'2026-05-21 12:09:31'),(301,3,'admin1','1管理员','QUERY','客户','查询客户列表','com.saas.framework.controller.CustomerController.page','/api/customer/page','[1,10,null,null,null,null,null,null,null,null]','127.0.0.1',2,'2026-05-21 12:11:07'),(302,3,'admin1','1管理员','QUERY','客户','查询客户列表','com.saas.framework.controller.CustomerController.page','/api/customer/page','[1,10,null,null,null,null,null,null,null,null]','127.0.0.1',2,'2026-05-21 12:11:10'),(303,3,'admin1','1管理员','CREATE','客户','新增客户','com.saas.framework.controller.CustomerController.create','/api/customer','[{\"name\":\"1\",\"address\":\"\",\"region\":null,\"contactPerson\":\"1\",\"contactPhone\":\"1\",\"businessCategory\":\"加气站类\",\"businessType\":\"CNG加气站\",\"cooperationCategory\":\"\",\"cooperationStatus\":\"\",\"maintenanceCategory\":\"\",\"gasScale\":\"\",\"smartGasSystem\":\"\",\"contractInfo\":\"\",\"followUpPersonId\":null,\"followUpPerson\":\"1\"}]','127.0.0.1',2,'2026-05-21 12:11:19'),(304,3,'admin1','1管理员','QUERY','客户','查询客户列表','com.saas.framework.controller.CustomerController.page','/api/customer/page','[1,10,null,null,null,null,null,null,null,null]','127.0.0.1',2,'2026-05-21 12:11:19'),(305,3,'admin1','1管理员','DELETE','客户','删除客户','com.saas.framework.controller.CustomerController.delete','/api/customer/20','[20]','127.0.0.1',2,'2026-05-21 12:11:31'),(306,3,'admin1','1管理员','QUERY','客户','查询客户列表','com.saas.framework.controller.CustomerController.page','/api/customer/page','[1,10,null,null,null,null,null,null,null,null]','127.0.0.1',2,'2026-05-21 12:11:31'),(307,3,'admin1','1管理员','QUERY','客户','查询客户列表','com.saas.framework.controller.CustomerController.page','/api/customer/page','[1,10,null,null,null,null,null,null,null,null]','127.0.0.1',2,'2026-05-21 12:12:08'),(308,1,'admin','超级管理员','QUERY','客户','查询客户列表','com.saas.framework.controller.CustomerController.page','/api/customer/page','[1,10,null,null,null,null,null,null,null,null]','127.0.0.1',0,'2026-05-21 12:14:00'),(309,1,'admin','超级管理员','UPDATE','角色','修改角色','com.saas.framework.controller.RoleController.update','/api/role/8','[8,{\"name\":\"租户管理员\",\"permissionIds\":[1,3,21,22,23,24,4,31,32,33,34,103,104,105,5,7,51,52,53,54,55,56,57,106,107,108,109,110,111,8,71,72,73,74,75,76,77,78,79,80,81,82,83,84,85,86,87,88,89,90,91,92,93,94,95,96,97,98,99,100,101,102]}]','127.0.0.1',0,'2026-05-21 12:15:22'),(310,3,'admin1','1管理员','QUERY','客户','查询客户列表','com.saas.framework.controller.CustomerController.page','/api/customer/page','[1,10,null,null,null,null,null,null,null,null]','127.0.0.1',2,'2026-05-21 12:15:36'),(311,3,'admin1','1管理员','CREATE','客户','新增客户','com.saas.framework.controller.CustomerController.create','/api/customer','[{\"name\":\"1\",\"address\":\"\",\"region\":null,\"contactPerson\":\"1\",\"contactPhone\":\"1\",\"businessCategory\":\"加气站类\",\"businessType\":\"CNG加气站\",\"cooperationCategory\":\"\",\"cooperationStatus\":\"\",\"maintenanceCategory\":\"\",\"gasScale\":\"\",\"smartGasSystem\":\"\",\"contractInfo\":\"\",\"followUpPersonId\":null,\"followUpPerson\":\"1\"}]','127.0.0.1',2,'2026-05-21 12:15:46'),(312,3,'admin1','1管理员','QUERY','客户','查询客户列表','com.saas.framework.controller.CustomerController.page','/api/customer/page','[1,10,null,null,null,null,null,null,null,null]','127.0.0.1',2,'2026-05-21 12:15:47'),(313,3,'admin1','1管理员','DELETE','客户','删除客户','com.saas.framework.controller.CustomerController.delete','/api/customer/21','[21]','127.0.0.1',2,'2026-05-21 12:15:51'),(314,3,'admin1','1管理员','QUERY','客户','查询客户列表','com.saas.framework.controller.CustomerController.page','/api/customer/page','[1,10,null,null,null,null,null,null,null,null]','127.0.0.1',2,'2026-05-21 12:15:51'),(315,3,'admin1','1管理员','QUERY','客户','查询客户列表','com.saas.framework.controller.CustomerController.page','/api/customer/page','[1,10,null,null,null,null,null,null,null,null]','127.0.0.1',2,'2026-05-21 12:16:53'),(316,3,'admin1','1管理员','QUERY','客户','查询客户列表','com.saas.framework.controller.CustomerController.page','/api/customer/page','[1,10,null,null,null,null,null,null,null,null]','127.0.0.1',2,'2026-05-21 12:17:06'),(317,1,'admin','超级管理员','QUERY','客户','查询客户列表','com.saas.framework.controller.CustomerController.page','/api/customer/page','[1,10,null,null,null,null,null,null,null,null]','127.0.0.1',0,'2026-05-21 12:17:21'),(318,3,'admin1','1管理员','QUERY','客户','查询客户列表','com.saas.framework.controller.CustomerController.page','/api/customer/page','[1,10,null,null,null,null,null,null,null,null]','127.0.0.1',2,'2026-05-21 12:17:45'),(319,3,'admin1','1管理员','CREATE','客户','新增客户','com.saas.framework.controller.CustomerController.create','/api/customer','[{\"name\":\"1\",\"address\":\"\",\"region\":null,\"contactPerson\":\"1\",\"contactPhone\":\"132\",\"businessCategory\":\"加气站类\",\"businessType\":\"CNG加气站\",\"cooperationCategory\":\"\",\"cooperationStatus\":\"\",\"maintenanceCategory\":\"\",\"gasScale\":\"\",\"smartGasSystem\":\"\",\"contractInfo\":\"\",\"followUpPersonId\":null,\"followUpPerson\":\"1\"}]','127.0.0.1',2,'2026-05-21 12:17:53'),(320,3,'admin1','1管理员','QUERY','客户','查询客户列表','com.saas.framework.controller.CustomerController.page','/api/customer/page','[1,10,null,null,null,null,null,null,null,null]','127.0.0.1',2,'2026-05-21 12:17:53'),(321,3,'admin1','1管理员','QUERY','客户','查看客户详情','com.saas.framework.controller.CustomerController.detail','/api/customer/22','[22]','127.0.0.1',2,'2026-05-21 12:17:56'),(322,3,'admin1','1管理员','QUERY','客户','查询客户附件列表','com.saas.framework.controller.CustomerController.listAttachments','/api/customer/22/attachments','[22]','127.0.0.1',2,'2026-05-21 12:17:56'),(323,3,'admin1','1管理员','QUERY','客户','查询客户修改记录','com.saas.framework.controller.CustomerController.listModifyLogs','/api/customer/22/modify-logs','[22]','127.0.0.1',2,'2026-05-21 12:17:56'),(324,3,'admin1','1管理员','QUERY','客户','查看客户详情','com.saas.framework.controller.CustomerController.detail','/api/customer/22','[22]','127.0.0.1',2,'2026-05-21 12:18:00'),(325,3,'admin1','1管理员','UPDATE','客户','修改客户','com.saas.framework.controller.CustomerController.update','/api/customer/22','[22,{\"name\":\"1\",\"address\":\"\",\"region\":null,\"contactPerson\":\"1\",\"contactPhone\":\"132\",\"businessCategory\":\"加气站类\",\"businessType\":\"CNG加气站\",\"cooperationCategory\":\"已合作\",\"cooperationStatus\":\"正常履约\",\"maintenanceCategory\":\"\",\"gasScale\":\"\",\"smartGasSystem\":\"\",\"contractInfo\":\"\",\"followUpPersonId\":null,\"followUpPerson\":\"1\"}]','127.0.0.1',2,'2026-05-21 12:18:07'),(326,3,'admin1','1管理员','QUERY','客户','查询客户列表','com.saas.framework.controller.CustomerController.page','/api/customer/page','[1,10,null,null,null,null,null,null,null,null]','127.0.0.1',2,'2026-05-21 12:18:07'),(327,3,'admin1','1管理员','QUERY','客户','查询客户列表','com.saas.framework.controller.CustomerController.page','/api/customer/page','[1,1000,null,null,null,null,null,null,null,null]','127.0.0.1',2,'2026-05-21 12:18:08'),(328,3,'admin1','1管理员','CREATE','合同','新增合同','com.saas.framework.controller.ContractController.create','/api/contract','[{\"contractNo\":\"1\",\"contractType\":null,\"customerId\":22,\"customerName\":\"1\",\"signDate\":\"2026-05-21\",\"expireDate\":\"2026-05-30\",\"contractAmount\":null,\"serviceContent\":\"\",\"paymentMethod\":\"\",\"personInChargeId\":null,\"personInCharge\":\"\",\"remark\":\"\",\"contractStatus\":\"\"}]','127.0.0.1',2,'2026-05-21 12:18:17'),(329,3,'admin1','1管理员','QUERY','客户','查询客户列表','com.saas.framework.controller.CustomerController.page','/api/customer/page','[1,10,null,null,null,null,null,null,null,null]','127.0.0.1',2,'2026-05-21 12:18:19'),(330,1,'admin','超级管理员','QUERY','客户','查询客户列表','com.saas.framework.controller.CustomerController.page','/api/customer/page','[1,10,null,null,null,null,null,null,null,null]','127.0.0.1',0,'2026-05-21 12:18:34'),(331,1,'admin','超级管理员','CREATE','跟进','新增跟进记录','com.saas.framework.controller.FollowUpController.createRecord','/api/follow-up/records','[{\"customerId\":22,\"followUpTime\":\"2026-05-21 00:00:00\",\"followUpPersonId\":null,\"followUpPerson\":null,\"followUpMethod\":1,\"followUpContent\":\"123\",\"nextPlan\":\"\",\"followUpStatus\":2}]','127.0.0.1',0,'2026-05-21 12:18:56'),(332,3,'admin1','1管理员','QUERY','客户','查询客户列表','com.saas.framework.controller.CustomerController.page','/api/customer/page','[1,1000,null,null,null,null,null,null,null,null]','127.0.0.1',2,'2026-05-21 12:19:27'),(333,3,'admin1','1管理员','DELETE','合同','删除合同','com.saas.framework.controller.ContractController.delete','/api/contract/19','[19]','127.0.0.1',2,'2026-05-21 12:19:29'),(334,3,'admin1','1管理员','CREATE','合同','新增合同','com.saas.framework.controller.ContractController.create','/api/contract','[{\"contractNo\":\"1\",\"contractType\":null,\"customerId\":22,\"customerName\":\"1\",\"signDate\":\"2026-05-21\",\"expireDate\":\"2026-05-30\",\"contractAmount\":null,\"serviceContent\":\"\",\"paymentMethod\":\"\",\"personInChargeId\":null,\"personInCharge\":\"\",\"remark\":\"\",\"contractStatus\":\"\"}]','127.0.0.1',2,'2026-05-21 12:19:42'),(335,3,'admin1','1管理员','CREATE','合同','上传合同附件','com.saas.framework.controller.ContractController.uploadAttachment','/api/contract/20/attachment','[]','127.0.0.1',2,'2026-05-21 12:19:42'),(336,3,'admin1','1管理员','QUERY','客户','查询客户列表','com.saas.framework.controller.CustomerController.page','/api/customer/page','[1,10,null,null,null,null,null,null,null,null]','127.0.0.1',2,'2026-05-21 12:20:33'),(337,3,'admin1','1管理员','QUERY','客户','查询客户附件列表','com.saas.framework.controller.CustomerController.listAttachments','/api/customer/22/attachments','[22]','127.0.0.1',2,'2026-05-21 12:20:35'),(338,3,'admin1','1管理员','QUERY','客户','查看客户详情','com.saas.framework.controller.CustomerController.detail','/api/customer/22','[22]','127.0.0.1',2,'2026-05-21 12:20:35'),(339,3,'admin1','1管理员','QUERY','客户','查询客户修改记录','com.saas.framework.controller.CustomerController.listModifyLogs','/api/customer/22/modify-logs','[22]','127.0.0.1',2,'2026-05-21 12:20:35'),(340,3,'admin1','1管理员','QUERY','客户','查看客户详情','com.saas.framework.controller.CustomerController.detail','/api/customer/22','[22]','127.0.0.1',2,'2026-05-21 12:20:39'),(341,3,'admin1','1管理员','QUERY','客户','查看客户详情','com.saas.framework.controller.CustomerController.detail','/api/customer/22','[22]','127.0.0.1',2,'2026-05-21 12:20:44'),(342,3,'admin1','1管理员','QUERY','客户','查询客户附件列表','com.saas.framework.controller.CustomerController.listAttachments','/api/customer/22/attachments','[22]','127.0.0.1',2,'2026-05-21 12:20:44'),(343,3,'admin1','1管理员','QUERY','客户','查询客户修改记录','com.saas.framework.controller.CustomerController.listModifyLogs','/api/customer/22/modify-logs','[22]','127.0.0.1',2,'2026-05-21 12:20:44'),(344,3,'admin1','1管理员','QUERY','客户','查询客户修改记录','com.saas.framework.controller.CustomerController.listModifyLogs','/api/customer/22/modify-logs','[22]','127.0.0.1',2,'2026-05-21 12:21:22'),(345,3,'admin1','1管理员','QUERY','客户','查询客户附件列表','com.saas.framework.controller.CustomerController.listAttachments','/api/customer/22/attachments','[22]','127.0.0.1',2,'2026-05-21 12:21:22'),(346,3,'admin1','1管理员','QUERY','客户','查看客户详情','com.saas.framework.controller.CustomerController.detail','/api/customer/22','[22]','127.0.0.1',2,'2026-05-21 12:21:22'),(347,3,'admin1','1管理员','QUERY','客户','查看客户详情','com.saas.framework.controller.CustomerController.detail','/api/customer/22','[22]','127.0.0.1',2,'2026-05-21 12:22:15'),(348,3,'admin1','1管理员','QUERY','客户','查询客户修改记录','com.saas.framework.controller.CustomerController.listModifyLogs','/api/customer/22/modify-logs','[22]','127.0.0.1',2,'2026-05-21 12:22:15'),(349,3,'admin1','1管理员','QUERY','客户','查询客户附件列表','com.saas.framework.controller.CustomerController.listAttachments','/api/customer/22/attachments','[22]','127.0.0.1',2,'2026-05-21 12:22:15'),(350,3,'admin1','1管理员','QUERY','客户','查询客户列表','com.saas.framework.controller.CustomerController.page','/api/customer/page','[1,10,null,null,null,null,null,null,null,null]','127.0.0.1',2,'2026-05-21 12:22:31'),(351,3,'admin1','1管理员','QUERY','客户','查询客户列表','com.saas.framework.controller.CustomerController.page','/api/customer/page','[1,1000,null,null,null,null,null,null,null,null]','127.0.0.1',2,'2026-05-21 12:22:33'),(352,3,'admin1','1管理员','QUERY','客户','查询客户列表','com.saas.framework.controller.CustomerController.page','/api/customer/page','[1,10,null,null,null,null,null,null,null,null]','127.0.0.1',2,'2026-05-21 12:22:54'),(353,3,'admin1','1管理员','QUERY','客户','查询客户修改记录','com.saas.framework.controller.CustomerController.listModifyLogs','/api/customer/22/modify-logs','[22]','127.0.0.1',2,'2026-05-21 12:22:55'),(354,3,'admin1','1管理员','QUERY','客户','查询客户附件列表','com.saas.framework.controller.CustomerController.listAttachments','/api/customer/22/attachments','[22]','127.0.0.1',2,'2026-05-21 12:22:55'),(355,3,'admin1','1管理员','QUERY','客户','查看客户详情','com.saas.framework.controller.CustomerController.detail','/api/customer/22','[22]','127.0.0.1',2,'2026-05-21 12:22:55'),(356,3,'admin1','1管理员','QUERY','客户','查看客户详情','com.saas.framework.controller.CustomerController.detail','/api/customer/22','[22]','127.0.0.1',2,'2026-05-21 12:22:58'),(357,3,'admin1','1管理员','QUERY','客户','查询客户列表','com.saas.framework.controller.CustomerController.page','/api/customer/page','[1,10,null,null,null,null,null,null,null,null]','127.0.0.1',2,'2026-05-21 12:23:44'),(358,3,'admin1','1管理员','QUERY','客户','查询客户列表','com.saas.framework.controller.CustomerController.page','/api/customer/page','[1,10,null,null,null,null,null,null,null,null]','127.0.0.1',2,'2026-05-21 12:24:19'),(359,3,'admin1','1管理员','QUERY','客户','查看客户详情','com.saas.framework.controller.CustomerController.detail','/api/customer/22','[22]','127.0.0.1',2,'2026-05-21 12:24:21'),(360,3,'admin1','1管理员','QUERY','客户','查询客户修改记录','com.saas.framework.controller.CustomerController.listModifyLogs','/api/customer/22/modify-logs','[22]','127.0.0.1',2,'2026-05-21 12:24:24'),(361,3,'admin1','1管理员','QUERY','客户','查看客户详情','com.saas.framework.controller.CustomerController.detail','/api/customer/22','[22]','127.0.0.1',2,'2026-05-21 12:24:24'),(362,3,'admin1','1管理员','QUERY','客户','查询客户附件列表','com.saas.framework.controller.CustomerController.listAttachments','/api/customer/22/attachments','[22]','127.0.0.1',2,'2026-05-21 12:24:24'),(363,3,'admin1','1管理员','QUERY','客户','查看客户详情','com.saas.framework.controller.CustomerController.detail','/api/customer/22','[22]','127.0.0.1',2,'2026-05-21 12:24:28'),(364,1,'admin','超级管理员','QUERY','客户','查询客户列表','com.saas.framework.controller.CustomerController.page','/api/customer/page','[1,10,null,null,null,null,null,null,null,null]','127.0.0.1',0,'2026-05-21 12:24:57'),(365,1,'admin','超级管理员','QUERY','客户','查看客户详情','com.saas.framework.controller.CustomerController.detail','/api/customer/22','[22]','127.0.0.1',0,'2026-05-21 12:24:59'),(366,1,'admin','超级管理员','QUERY','客户','查询客户附件列表','com.saas.framework.controller.CustomerController.listAttachments','/api/customer/22/attachments','[22]','127.0.0.1',0,'2026-05-21 12:25:01'),(367,1,'admin','超级管理员','QUERY','客户','查询客户修改记录','com.saas.framework.controller.CustomerController.listModifyLogs','/api/customer/22/modify-logs','[22]','127.0.0.1',0,'2026-05-21 12:25:01'),(368,1,'admin','超级管理员','QUERY','客户','查看客户详情','com.saas.framework.controller.CustomerController.detail','/api/customer/22','[22]','127.0.0.1',0,'2026-05-21 12:25:01'),(369,1,'admin','超级管理员','QUERY','客户','查询客户列表','com.saas.framework.controller.CustomerController.page','/api/customer/page','[1,1000,null,null,null,null,null,null,null,null]','127.0.0.1',0,'2026-05-21 12:25:23'),(370,1,'admin','超级管理员','UPDATE','合同','修改合同','com.saas.framework.controller.ContractController.update','/api/contract/17','[17,{\"contractNo\":\"1\",\"contractType\":null,\"customerId\":14,\"customerName\":\"1\",\"signDate\":\"2026-05-15\",\"expireDate\":\"2026-05-30\",\"contractAmount\":null,\"serviceContent\":\"\",\"paymentMethod\":\"\",\"personInChargeId\":null,\"personInCharge\":\"\",\"remark\":\"\",\"contractStatus\":\"已生效\"}]','127.0.0.1',0,'2026-05-21 12:25:37'),(371,1,'admin','超级管理员','CREATE','合同','上传合同附件','com.saas.framework.controller.ContractController.uploadAttachment','/api/contract/17/attachment','[]','127.0.0.1',0,'2026-05-21 12:25:37'),(372,1,'admin','超级管理员','DELETE','合同','删除合同附件','com.saas.framework.controller.ContractController.deleteAttachment','/api/contract/attachment/9','[9]','127.0.0.1',0,'2026-05-21 12:25:50'),(373,1,'admin','超级管理员','UPDATE','合同','修改合同','com.saas.framework.controller.ContractController.update','/api/contract/17','[17,{\"contractNo\":\"1\",\"contractType\":null,\"customerId\":14,\"customerName\":\"1\",\"signDate\":\"2026-05-15\",\"expireDate\":\"2026-05-30\",\"contractAmount\":null,\"serviceContent\":\"\",\"paymentMethod\":\"\",\"personInChargeId\":null,\"personInCharge\":\"\",\"remark\":\"\",\"contractStatus\":\"已生效\"}]','127.0.0.1',0,'2026-05-21 12:25:50'),(374,1,'admin','超级管理员','UPDATE','合同','修改合同','com.saas.framework.controller.ContractController.update','/api/contract/17','[17,{\"contractNo\":\"1\",\"contractType\":null,\"customerId\":14,\"customerName\":\"1\",\"signDate\":\"2026-05-15\",\"expireDate\":\"2026-05-30\",\"contractAmount\":null,\"serviceContent\":\"\",\"paymentMethod\":\"\",\"personInChargeId\":null,\"personInCharge\":\"\",\"remark\":\"\",\"contractStatus\":\"已生效\"}]','127.0.0.1',0,'2026-05-21 12:26:06'),(375,1,'admin','超级管理员','CREATE','合同','上传合同附件','com.saas.framework.controller.ContractController.uploadAttachment','/api/contract/17/attachment','[]','127.0.0.1',0,'2026-05-21 12:26:07'),(376,1,'admin','超级管理员','QUERY','客户','查询客户列表','com.saas.framework.controller.CustomerController.page','/api/customer/page','[1,1000,null,null,null,null,null,null,null,null]','127.0.0.1',0,'2026-05-21 12:27:06'),(377,1,'admin','超级管理员','QUERY','客户','查询客户列表','com.saas.framework.controller.CustomerController.page','/api/customer/page','[1,1000,null,null,null,null,null,null,null,null]','127.0.0.1',0,'2026-05-21 12:27:07'),(378,1,'admin','超级管理员','QUERY','客户','查询客户列表','com.saas.framework.controller.CustomerController.page','/api/customer/page','[1,10,null,null,null,null,null,null,null,null]','127.0.0.1',0,'2026-05-21 12:27:14'),(379,1,'admin','超级管理员','QUERY','客户','查询客户修改记录','com.saas.framework.controller.CustomerController.listModifyLogs','/api/customer/18/modify-logs','[18]','127.0.0.1',0,'2026-05-21 12:27:15'),(380,1,'admin','超级管理员','QUERY','客户','查看客户详情','com.saas.framework.controller.CustomerController.detail','/api/customer/18','[18]','127.0.0.1',0,'2026-05-21 12:27:15'),(381,1,'admin','超级管理员','QUERY','客户','查询客户附件列表','com.saas.framework.controller.CustomerController.listAttachments','/api/customer/18/attachments','[18]','127.0.0.1',0,'2026-05-21 12:27:15'),(382,1,'admin','超级管理员','QUERY','客户','查看客户详情','com.saas.framework.controller.CustomerController.detail','/api/customer/18','[18]','127.0.0.1',0,'2026-05-21 12:27:17'),(383,1,'admin','超级管理员','QUERY','客户','查询客户修改记录','com.saas.framework.controller.CustomerController.listModifyLogs','/api/customer/22/modify-logs','[22]','127.0.0.1',0,'2026-05-21 12:27:21'),(384,1,'admin','超级管理员','QUERY','客户','查看客户详情','com.saas.framework.controller.CustomerController.detail','/api/customer/22','[22]','127.0.0.1',0,'2026-05-21 12:27:21'),(385,1,'admin','超级管理员','QUERY','客户','查询客户附件列表','com.saas.framework.controller.CustomerController.listAttachments','/api/customer/22/attachments','[22]','127.0.0.1',0,'2026-05-21 12:27:21'),(386,1,'admin','超级管理员','QUERY','客户','查询客户列表','com.saas.framework.controller.CustomerController.page','/api/customer/page','[1,10,null,null,null,null,null,null,null,null]','127.0.0.1',0,'2026-05-21 12:27:27'),(387,1,'admin','超级管理员','QUERY','客户','查询客户列表','com.saas.framework.controller.CustomerController.page','/api/customer/page','[1,10,null,null,null,null,null,null,null,null]','127.0.0.1',0,'2026-05-21 12:27:40'),(388,1,'admin','超级管理员','QUERY','客户','查询客户列表','com.saas.framework.controller.CustomerController.page','/api/customer/page','[1,1000,null,null,null,null,null,null,null,null]','127.0.0.1',0,'2026-05-21 12:27:43'),(389,1,'admin','超级管理员','QUERY','客户','查询客户列表','com.saas.framework.controller.CustomerController.page','/api/customer/page','[1,10,null,null,null,null,null,null,null,null]','127.0.0.1',0,'2026-05-21 12:28:18'),(390,1,'admin','超级管理员','QUERY','客户','查询客户列表','com.saas.framework.controller.CustomerController.page','/api/customer/page','[1,10,null,null,null,null,null,null,null,null]','127.0.0.1',0,'2026-05-21 12:28:21'),(391,1,'admin','超级管理员','QUERY','客户','查询客户附件列表','com.saas.framework.controller.CustomerController.listAttachments','/api/customer/18/attachments','[18]','127.0.0.1',0,'2026-05-21 12:28:22'),(392,1,'admin','超级管理员','QUERY','客户','查看客户详情','com.saas.framework.controller.CustomerController.detail','/api/customer/18','[18]','127.0.0.1',0,'2026-05-21 12:28:22'),(393,1,'admin','超级管理员','QUERY','客户','查询客户修改记录','com.saas.framework.controller.CustomerController.listModifyLogs','/api/customer/18/modify-logs','[18]','127.0.0.1',0,'2026-05-21 12:28:22'),(394,1,'admin','超级管理员','QUERY','客户','查看客户详情','com.saas.framework.controller.CustomerController.detail','/api/customer/18','[18]','127.0.0.1',0,'2026-05-21 12:28:24'),(395,1,'admin','超级管理员','QUERY','客户','查看客户详情','com.saas.framework.controller.CustomerController.detail','/api/customer/18','[18]','127.0.0.1',0,'2026-05-21 12:28:27'),(396,1,'admin','超级管理员','QUERY','客户','查询客户附件列表','com.saas.framework.controller.CustomerController.listAttachments','/api/customer/18/attachments','[18]','127.0.0.1',0,'2026-05-21 12:28:27'),(397,1,'admin','超级管理员','QUERY','客户','查询客户修改记录','com.saas.framework.controller.CustomerController.listModifyLogs','/api/customer/18/modify-logs','[18]','127.0.0.1',0,'2026-05-21 12:28:27'),(398,1,'admin','超级管理员','QUERY','客户','查询客户列表','com.saas.framework.controller.CustomerController.page','/api/customer/page','[1,1000,null,null,null,null,null,null,null,null]','127.0.0.1',0,'2026-05-21 12:29:20'),(399,1,'admin','超级管理员','QUERY','客户','查询客户列表','com.saas.framework.controller.CustomerController.page','/api/customer/page','[1,1000,null,null,null,null,null,null,null,null]','127.0.0.1',0,'2026-05-21 12:29:35'),(400,1,'admin','超级管理员','QUERY','客户','查询客户列表','com.saas.framework.controller.CustomerController.page','/api/customer/page','[1,1000,null,null,null,null,null,null,null,null]','127.0.0.1',0,'2026-05-21 12:30:04'),(401,1,'admin','超级管理员','QUERY','客户','查询客户列表','com.saas.framework.controller.CustomerController.page','/api/customer/page','[1,1000,null,null,null,null,null,null,null,null]','127.0.0.1',0,'2026-05-21 12:30:25'),(402,1,'admin','超级管理员','QUERY','客户','查询客户列表','com.saas.framework.controller.CustomerController.page','/api/customer/page','[1,10,null,null,null,null,null,null,null,null]','127.0.0.1',0,'2026-05-21 12:30:26'),(403,1,'admin','超级管理员','QUERY','客户','查询客户修改记录','com.saas.framework.controller.CustomerController.listModifyLogs','/api/customer/22/modify-logs','[22]','127.0.0.1',0,'2026-05-21 12:30:28'),(404,1,'admin','超级管理员','QUERY','客户','查询客户附件列表','com.saas.framework.controller.CustomerController.listAttachments','/api/customer/22/attachments','[22]','127.0.0.1',0,'2026-05-21 12:30:28'),(405,1,'admin','超级管理员','QUERY','客户','查看客户详情','com.saas.framework.controller.CustomerController.detail','/api/customer/22','[22]','127.0.0.1',0,'2026-05-21 12:30:28'),(406,1,'admin','超级管理员','CREATE','客户','上传客户附件','com.saas.framework.controller.CustomerController.uploadAttachment','/api/customer/22/attachment','[]','127.0.0.1',0,'2026-05-21 12:30:33'),(407,1,'admin','超级管理员','QUERY','客户','查询客户附件列表','com.saas.framework.controller.CustomerController.listAttachments','/api/customer/22/attachments','[22]','127.0.0.1',0,'2026-05-21 12:30:33'),(408,1,'admin','超级管理员','QUERY','客户','查看客户详情','com.saas.framework.controller.CustomerController.detail','/api/customer/22','[22]','127.0.0.1',0,'2026-05-21 12:30:55'),(409,1,'admin','超级管理员','QUERY','客户','查询客户附件列表','com.saas.framework.controller.CustomerController.listAttachments','/api/customer/22/attachments','[22]','127.0.0.1',0,'2026-05-21 12:30:55'),(410,1,'admin','超级管理员','QUERY','客户','查询客户修改记录','com.saas.framework.controller.CustomerController.listModifyLogs','/api/customer/22/modify-logs','[22]','127.0.0.1',0,'2026-05-21 12:30:55'),(411,1,'admin','超级管理员','DELETE','客户','删除客户附件','com.saas.framework.controller.CustomerController.deleteAttachment','/api/customer/attachment/3','[3]','127.0.0.1',0,'2026-05-21 12:30:57'),(412,1,'admin','超级管理员','QUERY','客户','查询客户附件列表','com.saas.framework.controller.CustomerController.listAttachments','/api/customer/22/attachments','[22]','127.0.0.1',0,'2026-05-21 12:30:57'),(413,1,'admin','超级管理员','QUERY','客户','查询客户列表','com.saas.framework.controller.CustomerController.page','/api/customer/page','[1,1000,null,null,null,null,null,null,null,null]','127.0.0.1',0,'2026-05-21 12:31:06'),(414,1,'admin','超级管理员','QUERY','客户','查询客户列表','com.saas.framework.controller.CustomerController.page','/api/customer/page','[1,10,null,null,null,null,null,null,null,null]','127.0.0.1',0,'2026-05-21 12:31:09'),(415,1,'admin','超级管理员','QUERY','客户','查询客户列表','com.saas.framework.controller.CustomerController.page','/api/customer/page','[1,1000,null,null,null,null,null,null,null,null]','127.0.0.1',0,'2026-05-21 12:31:16'),(416,1,'admin','超级管理员','QUERY','客户','查询客户列表','com.saas.framework.controller.CustomerController.page','/api/customer/page','[1,1000,null,null,null,null,null,null,null,null]','127.0.0.1',0,'2026-05-21 12:32:46'),(417,1,'admin','超级管理员','QUERY','客户','查询客户列表','com.saas.framework.controller.CustomerController.page','/api/customer/page','[1,1000,null,null,null,null,null,null,null,null]','127.0.0.1',0,'2026-05-21 12:32:47'),(418,1,'admin','超级管理员','QUERY','客户','查询客户列表','com.saas.framework.controller.CustomerController.page','/api/customer/page','[1,10,null,null,null,null,null,null,null,null]','127.0.0.1',0,'2026-05-21 12:32:50'),(419,1,'admin','超级管理员','QUERY','客户','查询客户附件列表','com.saas.framework.controller.CustomerController.listAttachments','/api/customer/22/attachments','[22]','127.0.0.1',0,'2026-05-21 12:32:51'),(420,1,'admin','超级管理员','QUERY','客户','查看客户详情','com.saas.framework.controller.CustomerController.detail','/api/customer/22','[22]','127.0.0.1',0,'2026-05-21 12:32:51'),(421,1,'admin','超级管理员','QUERY','客户','查询客户修改记录','com.saas.framework.controller.CustomerController.listModifyLogs','/api/customer/22/modify-logs','[22]','127.0.0.1',0,'2026-05-21 12:32:51'),(422,1,'admin','超级管理员','CREATE','客户','上传客户附件','com.saas.framework.controller.CustomerController.uploadAttachment','/api/customer/22/attachment','[]','127.0.0.1',0,'2026-05-21 12:32:55'),(423,1,'admin','超级管理员','QUERY','客户','查询客户附件列表','com.saas.framework.controller.CustomerController.listAttachments','/api/customer/22/attachments','[22]','127.0.0.1',0,'2026-05-21 12:32:55'),(424,1,'admin','超级管理员','QUERY','客户','下载客户附件','com.saas.framework.controller.CustomerController.downloadAttachment','/api/customer/attachment/4/download','[]','127.0.0.1',0,'2026-05-21 12:32:56'),(425,1,'admin','超级管理员','DELETE','客户','删除客户附件','com.saas.framework.controller.CustomerController.deleteAttachment','/api/customer/attachment/4','[4]','127.0.0.1',0,'2026-05-21 12:32:59'),(426,1,'admin','超级管理员','QUERY','客户','查询客户附件列表','com.saas.framework.controller.CustomerController.listAttachments','/api/customer/22/attachments','[22]','127.0.0.1',0,'2026-05-21 12:33:00'),(427,1,'admin','超级管理员','QUERY','客户','查询客户列表','com.saas.framework.controller.CustomerController.page','/api/customer/page','[1,10,null,null,null,null,null,null,null,null]','127.0.0.1',0,'2026-05-21 12:38:39'),(428,1,'admin','超级管理员','QUERY','客户','查看客户详情','com.saas.framework.controller.CustomerController.detail','/api/customer/22','[22]','127.0.0.1',0,'2026-05-21 12:38:40'),(429,1,'admin','超级管理员','QUERY','客户','查询客户附件列表','com.saas.framework.controller.CustomerController.listAttachments','/api/customer/22/attachments','[22]','127.0.0.1',0,'2026-05-21 12:38:40'),(430,1,'admin','超级管理员','QUERY','客户','查询客户修改记录','com.saas.framework.controller.CustomerController.listModifyLogs','/api/customer/22/modify-logs','[22]','127.0.0.1',0,'2026-05-21 12:38:40'),(431,1,'admin','超级管理员','QUERY','客户','查询客户附件列表','com.saas.framework.controller.CustomerController.listAttachments','/api/customer/18/attachments','[18]','127.0.0.1',0,'2026-05-21 12:38:42'),(432,1,'admin','超级管理员','QUERY','客户','查看客户详情','com.saas.framework.controller.CustomerController.detail','/api/customer/18','[18]','127.0.0.1',0,'2026-05-21 12:38:42'),(433,1,'admin','超级管理员','QUERY','客户','查询客户修改记录','com.saas.framework.controller.CustomerController.listModifyLogs','/api/customer/18/modify-logs','[18]','127.0.0.1',0,'2026-05-21 12:38:42'),(434,1,'admin','超级管理员','QUERY','客户','查看客户详情','com.saas.framework.controller.CustomerController.detail','/api/customer/22','[22]','127.0.0.1',0,'2026-05-21 12:38:45'),(435,1,'admin','超级管理员','QUERY','客户','查询客户附件列表','com.saas.framework.controller.CustomerController.listAttachments','/api/customer/22/attachments','[22]','127.0.0.1',0,'2026-05-21 12:38:45'),(436,1,'admin','超级管理员','QUERY','客户','查询客户修改记录','com.saas.framework.controller.CustomerController.listModifyLogs','/api/customer/22/modify-logs','[22]','127.0.0.1',0,'2026-05-21 12:38:45'),(437,1,'admin','超级管理员','QUERY','客户','查看客户详情','com.saas.framework.controller.CustomerController.detail','/api/customer/18','[18]','127.0.0.1',0,'2026-05-21 12:38:47'),(438,1,'admin','超级管理员','QUERY','客户','查询客户附件列表','com.saas.framework.controller.CustomerController.listAttachments','/api/customer/18/attachments','[18]','127.0.0.1',0,'2026-05-21 12:38:48'),(439,1,'admin','超级管理员','QUERY','客户','查询客户修改记录','com.saas.framework.controller.CustomerController.listModifyLogs','/api/customer/18/modify-logs','[18]','127.0.0.1',0,'2026-05-21 12:38:48'),(440,1,'admin','超级管理员','QUERY','客户','查询客户列表','com.saas.framework.controller.CustomerController.page','/api/customer/page','[1,1000,null,null,null,null,null,null,null,null]','127.0.0.1',0,'2026-05-21 12:38:50'),(441,1,'admin','超级管理员','QUERY','客户','查询客户列表','com.saas.framework.controller.CustomerController.page','/api/customer/page','[1,10,null,null,null,null,null,null,null,null]','127.0.0.1',0,'2026-05-21 12:39:52'),(442,1,'admin','超级管理员','QUERY','客户','查询客户列表','com.saas.framework.controller.CustomerController.page','/api/customer/page','[1,10,null,null,null,null,null,null,null,null]','127.0.0.1',0,'2026-05-21 12:41:56'),(443,1,'admin','超级管理员','QUERY','客户','查询客户列表','com.saas.framework.controller.CustomerController.page','/api/customer/page','[1,1000,null,null,null,null,null,null,null,null]','127.0.0.1',0,'2026-05-21 12:41:56'),(444,1,'admin','超级管理员','QUERY','客户','查询客户列表','com.saas.framework.controller.CustomerController.page','/api/customer/page','[1,10,null,null,null,null,null,null,null,null]','127.0.0.1',0,'2026-05-21 12:42:38'),(445,1,'admin','超级管理员','QUERY','客户','查询客户列表','com.saas.framework.controller.CustomerController.page','/api/customer/page','[1,1000,null,null,null,null,null,null,null,null]','127.0.0.1',0,'2026-05-21 12:42:39'),(446,1,'admin','超级管理员','QUERY','客户','查询客户列表','com.saas.framework.controller.CustomerController.page','/api/customer/page','[1,10,null,null,null,null,null,null,null,null]','127.0.0.1',0,'2026-05-21 12:43:15'),(447,1,'admin','超级管理员','QUERY','客户','查询客户列表','com.saas.framework.controller.CustomerController.page','/api/customer/page','[1,1000,null,null,null,null,null,null,null,null]','127.0.0.1',0,'2026-05-21 12:43:15'),(448,1,'admin','超级管理员','QUERY','客户','查询客户列表','com.saas.framework.controller.CustomerController.page','/api/customer/page','[1,1000,null,null,null,null,null,null,null,null]','127.0.0.1',0,'2026-05-21 12:43:17'),(449,1,'admin','超级管理员','QUERY','客户','查询客户列表','com.saas.framework.controller.CustomerController.page','/api/customer/page','[1,10,null,null,null,null,null,null,null,null]','127.0.0.1',0,'2026-05-21 12:48:56'),(450,1,'admin','超级管理员','QUERY','客户','查看客户详情','com.saas.framework.controller.CustomerController.detail','/api/customer/18','[18]','127.0.0.1',0,'2026-05-21 12:49:02'),(451,1,'admin','超级管理员','QUERY','客户','查询客户附件列表','com.saas.framework.controller.CustomerController.listAttachments','/api/customer/18/attachments','[18]','127.0.0.1',0,'2026-05-21 12:49:02'),(452,1,'admin','超级管理员','QUERY','客户','查询客户修改记录','com.saas.framework.controller.CustomerController.listModifyLogs','/api/customer/18/modify-logs','[18]','127.0.0.1',0,'2026-05-21 12:49:02'),(453,1,'admin','超级管理员','DELETE','跟进','删除跟进记录','com.saas.framework.controller.FollowUpController.deleteRecord','/api/follow-up/records/6','[6]','127.0.0.1',0,'2026-05-21 12:49:19'),(454,1,'admin','超级管理员','QUERY','客户','查询客户列表','com.saas.framework.controller.CustomerController.page','/api/customer/page','[1,1000,null,null,null,null,null,null,null,null]','127.0.0.1',0,'2026-05-21 12:49:26'),(455,1,'admin','超级管理员','QUERY','客户','查询客户列表','com.saas.framework.controller.CustomerController.page','/api/customer/page','[1,10,null,null,null,null,null,null,null,null]','127.0.0.1',0,'2026-05-21 12:49:59'),(456,1,'admin','超级管理员','QUERY','客户','查看客户详情','com.saas.framework.controller.CustomerController.detail','/api/customer/22','[22]','127.0.0.1',0,'2026-05-21 12:50:38'),(457,1,'admin','超级管理员','QUERY','客户','查询客户附件列表','com.saas.framework.controller.CustomerController.listAttachments','/api/customer/22/attachments','[22]','127.0.0.1',0,'2026-05-21 12:50:38'),(458,1,'admin','超级管理员','QUERY','客户','查询客户修改记录','com.saas.framework.controller.CustomerController.listModifyLogs','/api/customer/22/modify-logs','[22]','127.0.0.1',0,'2026-05-21 12:50:38'),(459,1,'admin','超级管理员','CREATE','跟进','新增跟进记录','com.saas.framework.controller.FollowUpController.createRecord','/api/follow-up/records','[{\"customerId\":22,\"followUpTime\":\"2026-05-21 00:00:00\",\"followUpPersonId\":null,\"followUpPerson\":null,\"followUpMethod\":1,\"followUpContent\":\"1\",\"nextPlan\":\"\",\"followUpStatus\":2}]','127.0.0.1',0,'2026-05-21 12:52:04'),(460,1,'admin','超级管理员','QUERY','客户','查询客户列表','com.saas.framework.controller.CustomerController.page','/api/customer/page','[1,10,null,null,null,null,null,null,null,null]','127.0.0.1',0,'2026-05-21 12:52:13'),(461,1,'admin','超级管理员','QUERY','客户','查询客户列表','com.saas.framework.controller.CustomerController.page','/api/customer/page','[1,10,null,null,null,null,null,null,null,null]','127.0.0.1',0,'2026-05-21 12:52:14'),(462,1,'admin','超级管理员','QUERY','客户','查询客户列表','com.saas.framework.controller.CustomerController.page','/api/customer/page','[1,10,null,null,null,null,null,null,null,null]','127.0.0.1',0,'2026-05-21 12:54:09'),(463,1,'admin','超级管理员','UPDATE','跟进','编辑跟进记录（失败）','com.saas.framework.controller.FollowUpController.updateRecord','/api/follow-up/records/7','[7,{\"customerId\":22,\"followUpTime\":\"2026-05-21T00:00:00\",\"followUpPersonId\":null,\"followUpPerson\":null,\"followUpMethod\":1,\"followUpContent\":\"1\",\"nextPlan\":\"\",\"followUpStatus\":2}]','127.0.0.1',0,'2026-05-21 12:54:14'),(464,1,'admin','超级管理员','UPDATE','跟进','编辑跟进记录（失败）','com.saas.framework.controller.FollowUpController.updateRecord','/api/follow-up/records/7','[7,{\"customerId\":22,\"followUpTime\":\"2026-05-21T00:00:00\",\"followUpPersonId\":null,\"followUpPerson\":null,\"followUpMethod\":1,\"followUpContent\":\"1\",\"nextPlan\":\"\",\"followUpStatus\":2}]','127.0.0.1',0,'2026-05-21 12:55:38'),(465,1,'admin','超级管理员','UPDATE','跟进','编辑跟进记录','com.saas.framework.controller.FollowUpController.updateRecord','/api/follow-up/records/7','[7,{\"customerId\":22,\"followUpTime\":\"2026-05-21T00:00:00\",\"followUpPersonId\":null,\"followUpPerson\":null,\"followUpMethod\":1,\"followUpContent\":\"1\",\"nextPlan\":\"\",\"followUpStatus\":2}]','127.0.0.1',0,'2026-05-21 12:55:48'),(466,1,'admin','超级管理员','QUERY','客户','查看客户详情','com.saas.framework.controller.CustomerController.detail','/api/customer/22','[22]','127.0.0.1',0,'2026-05-21 12:55:53'),(467,1,'admin','超级管理员','QUERY','客户','查询客户附件列表','com.saas.framework.controller.CustomerController.listAttachments','/api/customer/22/attachments','[22]','127.0.0.1',0,'2026-05-21 12:55:53'),(468,1,'admin','超级管理员','QUERY','客户','查询客户修改记录','com.saas.framework.controller.CustomerController.listModifyLogs','/api/customer/22/modify-logs','[22]','127.0.0.1',0,'2026-05-21 12:55:53'),(469,1,'admin','超级管理员','QUERY','客户','查询客户列表','com.saas.framework.controller.CustomerController.page','/api/customer/page','[1,10,null,null,null,null,null,null,null,null]','127.0.0.1',0,'2026-05-21 12:58:38'),(470,1,'admin','超级管理员','CREATE','跟进','新增跟进记录','com.saas.framework.controller.FollowUpController.createRecord','/api/follow-up/records','[{\"customerId\":22,\"followUpTime\":\"2026-05-21 00:00:00\",\"followUpPersonId\":null,\"followUpPerson\":null,\"followUpMethod\":1,\"followUpContent\":\"12\",\"nextPlan\":\"\",\"followUpStatus\":2}]','127.0.0.1',0,'2026-05-21 12:58:55'),(471,1,'admin','超级管理员','QUERY','客户','查看客户详情','com.saas.framework.controller.CustomerController.detail','/api/customer/22','[22]','127.0.0.1',0,'2026-05-21 12:58:59'),(472,1,'admin','超级管理员','QUERY','客户','查询客户附件列表','com.saas.framework.controller.CustomerController.listAttachments','/api/customer/22/attachments','[22]','127.0.0.1',0,'2026-05-21 12:58:59'),(473,1,'admin','超级管理员','QUERY','客户','查询客户修改记录','com.saas.framework.controller.CustomerController.listModifyLogs','/api/customer/22/modify-logs','[22]','127.0.0.1',0,'2026-05-21 12:58:59'),(474,1,'admin','超级管理员','DELETE','跟进','删除跟进记录','com.saas.framework.controller.FollowUpController.deleteRecord','/api/follow-up/records/7','[7]','127.0.0.1',0,'2026-05-21 12:59:07'),(475,1,'admin','超级管理员','DELETE','跟进','删除跟进记录','com.saas.framework.controller.FollowUpController.deleteRecord','/api/follow-up/records/8','[8]','127.0.0.1',0,'2026-05-21 12:59:10'),(476,1,'admin','超级管理员','QUERY','客户','查询客户列表','com.saas.framework.controller.CustomerController.page','/api/customer/page','[1,10,null,null,null,null,null,null,null,null]','127.0.0.1',0,'2026-05-21 13:02:14'),(477,3,'admin1','1管理员','QUERY','客户','查询客户列表','com.saas.framework.controller.CustomerController.page','/api/customer/page','[1,10,null,null,null,null,null,null,null,null]','127.0.0.1',2,'2026-05-21 13:02:25'),(478,1,'admin','超级管理员','QUERY','客户','查询客户列表','com.saas.framework.controller.CustomerController.page','/api/customer/page','[1,10,null,null,null,null,null,null,null,null]','127.0.0.1',0,'2026-05-21 13:02:37'),(479,3,'admin1','1管理员','QUERY','客户','查询客户列表','com.saas.framework.controller.CustomerController.page','/api/customer/page','[1,1000,null,null,null,null,null,null,null,null]','127.0.0.1',2,'2026-05-21 13:02:45'),(480,3,'admin1','1管理员','QUERY','客户','查询客户列表','com.saas.framework.controller.CustomerController.page','/api/customer/page','[1,10,null,null,null,null,null,null,null,null]','127.0.0.1',2,'2026-05-21 13:02:46'),(481,3,'admin1','1管理员','CREATE','跟进','新增跟进记录','com.saas.framework.controller.FollowUpController.createRecord','/api/follow-up/records','[{\"customerId\":22,\"followUpTime\":\"2026-05-21 02:09:00\",\"followUpPersonId\":null,\"followUpPerson\":null,\"followUpMethod\":1,\"followUpContent\":\"1\",\"nextPlan\":\"\",\"followUpStatus\":2}]','127.0.0.1',2,'2026-05-21 13:02:57'),(482,3,'admin1','1管理员','QUERY','客户','查询客户列表','com.saas.framework.controller.CustomerController.page','/api/customer/page','[1,10,null,null,null,null,null,null,null,null]','127.0.0.1',2,'2026-05-21 13:03:00'),(483,3,'admin1','1管理员','DELETE','客户','删除客户','com.saas.framework.controller.CustomerController.delete','/api/customer/22','[22]','127.0.0.1',2,'2026-05-21 13:03:03'),(484,3,'admin1','1管理员','QUERY','客户','查询客户列表','com.saas.framework.controller.CustomerController.page','/api/customer/page','[1,10,null,null,null,null,null,null,null,null]','127.0.0.1',2,'2026-05-21 13:03:03'),(485,3,'admin1','1管理员','QUERY','客户','查询客户列表','com.saas.framework.controller.CustomerController.page','/api/customer/page','[1,1000,null,null,null,null,null,null,null,null]','127.0.0.1',2,'2026-05-21 13:46:39'),(486,3,'admin1','1管理员','QUERY','客户','查询客户列表','com.saas.framework.controller.CustomerController.page','/api/customer/page','[1,10,null,null,null,null,null,null,null,null]','127.0.0.1',2,'2026-05-21 13:46:50'),(487,1,'admin','超级管理员','QUERY','客户','查询客户列表','com.saas.framework.controller.CustomerController.page','/api/customer/page','[1,1000,null,null,null,null,null,null,null,null]','127.0.0.1',0,'2026-05-21 13:46:54'),(488,1,'admin','超级管理员','QUERY','客户','查询客户列表','com.saas.framework.controller.CustomerController.page','/api/customer/page','[1,1000,null,null,null,null,null,null,null,null]','127.0.0.1',0,'2026-05-21 13:47:01'),(489,3,'admin1','1管理员','CREATE','角色','新增角色','com.saas.framework.controller.RoleController.create','/api/role','[{\"name\":\"维修专员\",\"permissionIds\":[5,77,78,79,80,83,84,85,86,87]}]','127.0.0.1',2,'2026-05-21 13:47:52'),(490,3,'admin1','1管理员','QUERY','客户','查询客户列表','com.saas.framework.controller.CustomerController.page','/api/customer/page','[1,10,null,null,null,null,null,null,null,null]','127.0.0.1',2,'2026-05-21 13:48:02'),(491,3,'admin1','1管理员','CREATE','客户','新增客户','com.saas.framework.controller.CustomerController.create','/api/customer','[{\"name\":\"1\",\"address\":\"\",\"region\":null,\"contactPerson\":\"1\",\"contactPhone\":\"1\",\"businessCategory\":\"加气站类\",\"businessType\":\"CNG加气站\",\"cooperationCategory\":\"已合作\",\"cooperationStatus\":\"正常履约\",\"maintenanceCategory\":\"\",\"gasScale\":\"\",\"smartGasSystem\":\"\",\"contractInfo\":\"\",\"followUpPersonId\":null,\"followUpPerson\":\"1\"}]','127.0.0.1',2,'2026-05-21 13:48:24'),(492,3,'admin1','1管理员','QUERY','客户','查询客户列表','com.saas.framework.controller.CustomerController.page','/api/customer/page','[1,10,null,null,null,null,null,null,null,null]','127.0.0.1',2,'2026-05-21 13:48:25'),(493,3,'admin1','1管理员','UPDATE','员工','修改员工','com.saas.framework.controller.UserController.update','/api/user/4','[4,{\"realName\":\"ycz\",\"roleId\":17,\"status\":1}]','127.0.0.1',2,'2026-05-21 13:48:34'),(494,3,'admin1','1管理员','CREATE','员工','新增员工','com.saas.framework.controller.UserController.create','/api/user','[{\"username\":\"111\",\"realName\":\"ycz\",\"roleId\":11,\"password\":null}]','127.0.0.1',2,'2026-05-21 13:48:49'),(495,3,'admin1','1管理员','QUERY','客户','查询客户列表','com.saas.framework.controller.CustomerController.page','/api/customer/page','[1,10,null,null,null,null,null,null,null,null]','127.0.0.1',2,'2026-05-21 13:48:53'),(496,3,'admin1','1管理员','QUERY','客户','查询客户列表','com.saas.framework.controller.CustomerController.page','/api/customer/page','[1,10,null,null,null,null,null,null,null,null]','127.0.0.1',2,'2026-05-21 13:49:00'),(497,3,'admin1','1管理员','QUERY','客户','查询客户列表','com.saas.framework.controller.CustomerController.page','/api/customer/page','[1,10,null,null,null,null,null,null,null,null]','127.0.0.1',2,'2026-05-21 13:49:26'),(498,3,'admin1','1管理员','UPDATE','角色','修改角色','com.saas.framework.controller.RoleController.update','/api/role/11','[11,{\"name\":\"客户专员\",\"permissionIds\":[5,7,51,52,53,54,55,56,57,106,107,108,110,111,8,71,72,73,75,76,88,89,90,91,92,93,94,95,96,97,98,99,100,101,102]}]','127.0.0.1',2,'2026-05-21 13:49:53'),(499,3,'admin1','1管理员','QUERY','客户','查询客户列表','com.saas.framework.controller.CustomerController.page','/api/customer/page','[1,10,null,null,null,null,null,null,null,null]','127.0.0.1',2,'2026-05-21 13:49:55'),(500,3,'admin1','1管理员','QUERY','客户','查询客户列表','com.saas.framework.controller.CustomerController.page','/api/customer/page','[1,1000,null,null,null,null,null,null,null,null]','127.0.0.1',2,'2026-05-21 13:49:57'),(501,3,'admin1','1管理员','QUERY','客户','查询客户列表','com.saas.framework.controller.CustomerController.page','/api/customer/page','[1,1000,null,null,null,null,null,null,null,null]','127.0.0.1',2,'2026-05-21 13:49:59'),(502,3,'admin1','1管理员','QUERY','客户','查询客户列表','com.saas.framework.controller.CustomerController.page','/api/customer/page','[1,10,null,null,null,null,null,null,null,null]','127.0.0.1',2,'2026-05-21 13:50:02'),(503,3,'admin1','1管理员','QUERY','客户','查询客户列表','com.saas.framework.controller.CustomerController.page','/api/customer/page','[1,1000,null,null,null,null,null,null,null,null]','127.0.0.1',2,'2026-05-21 13:50:07'),(504,3,'admin1','1管理员','QUERY','客户','查询客户列表','com.saas.framework.controller.CustomerController.page','/api/customer/page','[1,10,null,null,null,null,null,null,null,null]','127.0.0.1',2,'2026-05-21 13:50:07'),(505,3,'admin1','1管理员','QUERY','客户','查询客户列表','com.saas.framework.controller.CustomerController.page','/api/customer/page','[1,1000,null,null,null,null,null,null,null,null]','127.0.0.1',2,'2026-05-21 13:50:09'),(506,3,'admin1','1管理员','QUERY','客户','查询客户列表','com.saas.framework.controller.CustomerController.page','/api/customer/page','[1,1000,null,null,null,null,null,null,null,null]','127.0.0.1',2,'2026-05-21 13:50:09'),(507,5,'111','ycz','QUERY','客户','查询客户列表','com.saas.framework.controller.CustomerController.page','/api/customer/page','[1,10,null,null,null,null,null,null,null,null]','127.0.0.1',2,'2026-05-21 13:50:18'),(508,5,'111','ycz','QUERY','客户','查询客户列表','com.saas.framework.controller.CustomerController.page','/api/customer/page','[1,1000,null,null,null,null,null,null,null,null]','127.0.0.1',2,'2026-05-21 13:50:19'),(509,5,'111','ycz','QUERY','客户','查询客户列表','com.saas.framework.controller.CustomerController.page','/api/customer/page','[1,10,null,null,null,null,null,null,null,null]','127.0.0.1',2,'2026-05-21 13:50:28'),(510,5,'111','ycz','QUERY','客户','查询客户列表','com.saas.framework.controller.CustomerController.page','/api/customer/page','[1,1000,null,null,null,null,null,null,null,null]','127.0.0.1',2,'2026-05-21 13:50:32'),(511,5,'111','ycz','QUERY','客户','查询客户列表','com.saas.framework.controller.CustomerController.page','/api/customer/page','[1,10,null,null,null,null,null,null,null,null]','127.0.0.1',2,'2026-05-21 13:50:39'),(512,5,'111','ycz','QUERY','客户','查询客户列表','com.saas.framework.controller.CustomerController.page','/api/customer/page','[1,1000,null,null,null,null,null,null,null,null]','127.0.0.1',2,'2026-05-21 13:50:44'),(513,5,'111','ycz','QUERY','客户','查询客户列表','com.saas.framework.controller.CustomerController.page','/api/customer/page','[1,1000,null,null,null,null,null,null,null,null]','127.0.0.1',2,'2026-05-21 13:50:53'),(514,1,'admin','超级管理员','QUERY','客户','查询客户列表','com.saas.framework.controller.CustomerController.page','/api/customer/page','[1,1000,null,null,null,null,null,null,null,null]','127.0.0.1',0,'2026-05-21 13:51:00'),(515,5,'111','ycz','QUERY','客户','查询客户列表','com.saas.framework.controller.CustomerController.page','/api/customer/page','[1,1000,null,null,null,null,null,null,null,null]','127.0.0.1',2,'2026-05-21 13:51:11'),(516,5,'111','ycz','QUERY','客户','查询客户列表','com.saas.framework.controller.CustomerController.page','/api/customer/page','[1,10,null,null,null,null,null,null,null,null]','127.0.0.1',2,'2026-05-21 13:51:17'),(517,5,'111','ycz','QUERY','客户','查询客户列表','com.saas.framework.controller.CustomerController.page','/api/customer/page','[1,1000,null,null,null,null,null,null,null,null]','127.0.0.1',2,'2026-05-21 13:51:20'),(518,3,'admin1','1管理员','QUERY','客户','查询客户列表','com.saas.framework.controller.CustomerController.page','/api/customer/page','[1,10,null,null,null,null,null,null,null,null]','127.0.0.1',2,'2026-05-21 13:51:31'),(519,3,'admin1','1管理员','QUERY','客户','查询客户列表','com.saas.framework.controller.CustomerController.page','/api/customer/page','[1,1000,null,null,null,null,null,null,null,null]','127.0.0.1',2,'2026-05-21 13:51:32'),(520,3,'admin1','1管理员','DELETE','合同','删除合同','com.saas.framework.controller.ContractController.delete','/api/contract/20','[20]','127.0.0.1',2,'2026-05-21 13:51:37'),(521,3,'admin1','1管理员','QUERY','客户','查询客户列表','com.saas.framework.controller.CustomerController.page','/api/customer/page','[1,10,null,null,null,null,null,null,null,null]','127.0.0.1',2,'2026-05-21 13:51:38'),(522,5,'111','ycz','QUERY','客户','查询客户列表','com.saas.framework.controller.CustomerController.page','/api/customer/page','[1,1000,null,null,null,null,null,null,null,null]','127.0.0.1',2,'2026-05-21 13:51:43'),(523,5,'111','ycz','CREATE','合同','新增合同','com.saas.framework.controller.ContractController.create','/api/contract','[{\"contractNo\":\"1\",\"customerId\":23,\"customerName\":\"1\",\"signDate\":\"2026-05-21\",\"expireDate\":\"2026-05-30\",\"contractAmount\":null,\"serviceContent\":\"\",\"paymentMethod\":\"\",\"personInChargeId\":null,\"personInCharge\":\"\",\"remark\":\"\",\"contractStatus\":\"\"}]','127.0.0.1',2,'2026-05-21 13:51:53'),(524,5,'111','ycz','QUERY','客户','查询客户列表','com.saas.framework.controller.CustomerController.page','/api/customer/page','[1,10,null,null,null,null,null,null,null,null]','127.0.0.1',2,'2026-05-21 13:51:57'),(525,5,'111','ycz','CREATE','跟进','新增跟进记录','com.saas.framework.controller.FollowUpController.createRecord','/api/follow-up/records','[{\"customerId\":23,\"followUpTime\":\"2026-05-21 00:00:00\",\"followUpPersonId\":null,\"followUpPerson\":null,\"followUpMethod\":1,\"followUpContent\":\"123\",\"nextPlan\":\"\",\"followUpStatus\":2}]','127.0.0.1',2,'2026-05-21 13:52:07'),(526,5,'111','ycz','QUERY','客户','查询客户列表','com.saas.framework.controller.CustomerController.page','/api/customer/page','[1,10,null,null,null,null,null,null,null,null]','127.0.0.1',2,'2026-05-21 13:52:10'),(527,3,'admin1','1管理员','QUERY','客户','查询客户列表','com.saas.framework.controller.CustomerController.page','/api/customer/page','[1,10,null,null,null,null,null,null,null,null]','127.0.0.1',2,'2026-05-21 13:52:49'),(528,3,'admin1','1管理员','QUERY','客户','查询客户列表','com.saas.framework.controller.CustomerController.page','/api/customer/page','[1,1000,null,null,null,null,null,null,null,null]','127.0.0.1',2,'2026-05-21 13:52:59'),(529,3,'admin1','1管理员','QUERY','客户','查询客户列表','com.saas.framework.controller.CustomerController.page','/api/customer/page','[1,1000,null,null,null,null,null,null,null,null]','127.0.0.1',2,'2026-05-21 13:53:15'),(530,3,'admin1','1管理员','QUERY','客户','查询客户列表','com.saas.framework.controller.CustomerController.page','/api/customer/page','[1,1000,null,null,null,null,null,null,null,null]','127.0.0.1',2,'2026-05-21 13:53:27'),(531,3,'admin1','1管理员','CREATE','报修','新增报修单','com.saas.framework.controller.RepairController.create','/api/repair','[{\"customerId\":23,\"customerName\":\"1\",\"contactPerson\":\"1\",\"contactPhone\":\"1\",\"repairContent\":\"123\",\"repairType\":\"智慧燃气系统故障\",\"repairTime\":\"2026-05-21 00:00:00\",\"repairAddress\":\"\",\"urgency\":\"紧急\",\"faultDescription\":\"\"}]','127.0.0.1',2,'2026-05-21 13:53:45'),(532,3,'admin1','1管理员','QUERY','客户','查询客户列表','com.saas.framework.controller.CustomerController.page','/api/customer/page','[1,1000,null,null,null,null,null,null,null,null]','127.0.0.1',2,'2026-05-21 13:53:55'),(533,3,'admin1','1管理员','QUERY','客户','查询客户列表','com.saas.framework.controller.CustomerController.page','/api/customer/page','[1,1000,null,null,null,null,null,null,null,null]','127.0.0.1',2,'2026-05-21 13:54:02'),(534,3,'admin1','1管理员','QUERY','客户','查询客户列表','com.saas.framework.controller.CustomerController.page','/api/customer/page','[1,1000,null,null,null,null,null,null,null,null]','127.0.0.1',2,'2026-05-21 13:54:24'),(535,3,'admin1','1管理员','UPDATE','角色','修改角色','com.saas.framework.controller.RoleController.update','/api/role/17','[17,{\"name\":\"维修专员\",\"permissionIds\":[5,77,78,79,80,82,83,84,85,86,87,88,90]}]','127.0.0.1',2,'2026-05-21 13:55:21'),(536,3,'admin1','1管理员','QUERY','客户','查询客户列表','com.saas.framework.controller.CustomerController.page','/api/customer/page','[1,1000,null,null,null,null,null,null,null,null]','127.0.0.1',2,'2026-05-21 14:01:52'),(537,3,'admin1','1管理员','QUERY','客户','查询客户列表','com.saas.framework.controller.CustomerController.page','/api/customer/page','[1,1000,null,null,null,null,null,null,null,null]','127.0.0.1',2,'2026-05-21 14:01:54'),(538,3,'admin1','1管理员','QUERY','客户','查询客户列表','com.saas.framework.controller.CustomerController.page','/api/customer/page','[1,1000,null,null,null,null,null,null,null,null]','127.0.0.1',2,'2026-05-21 14:02:08'),(539,3,'admin1','1管理员','QUERY','客户','查询客户列表','com.saas.framework.controller.CustomerController.page','/api/customer/page','[1,10,null,null,null,null,null,null,null,null]','127.0.0.1',2,'2026-05-21 14:02:14'),(540,3,'admin1','1管理员','QUERY','客户','查询客户列表','com.saas.framework.controller.CustomerController.page','/api/customer/page','[1,10,null,null,null,null,null,null,null,null]','127.0.0.1',2,'2026-05-21 14:02:51'),(541,3,'admin1','1管理员','QUERY','客户','查询客户列表','com.saas.framework.controller.CustomerController.page','/api/customer/page','[1,1000,null,null,null,null,null,null,null,null]','127.0.0.1',2,'2026-05-21 14:03:15'),(542,3,'admin1','1管理员','QUERY','客户','查询客户列表','com.saas.framework.controller.CustomerController.page','/api/customer/page','[1,1000,null,null,null,null,null,null,null,null]','127.0.0.1',2,'2026-05-21 14:03:50'),(543,3,'admin1','1管理员','QUERY','客户','查询客户列表','com.saas.framework.controller.CustomerController.page','/api/customer/page','[1,1000,null,null,null,null,null,null,null,null]','127.0.0.1',2,'2026-05-21 14:04:09'),(544,3,'admin1','1管理员','QUERY','客户','查询客户列表','com.saas.framework.controller.CustomerController.page','/api/customer/page','[1,1000,null,null,null,null,null,null,null,null]','127.0.0.1',2,'2026-05-21 14:05:04'),(545,3,'admin1','1管理员','QUERY','客户','查询客户列表','com.saas.framework.controller.CustomerController.page','/api/customer/page','[1,10,null,null,null,null,null,null,null,null]','127.0.0.1',2,'2026-05-21 14:11:48'),(546,3,'admin1','1管理员','QUERY','客户','查询客户列表','com.saas.framework.controller.CustomerController.page','/api/customer/page','[1,1000,null,null,null,null,null,null,null,null]','127.0.0.1',2,'2026-05-21 14:11:49'),(547,3,'admin1','1管理员','UPDATE','报修','分配报修单','com.saas.framework.controller.RepairController.assign','/api/repair/7/assign','[7,{\"assigneeId\":4,\"assigneeName\":\"ycz\"}]','127.0.0.1',2,'2026-05-21 14:11:54'),(548,3,'admin1','1管理员','UPDATE','报修','更新报修进度','com.saas.framework.controller.RepairController.process','/api/repair/7/process','[7,{\"status\":\"处理中\",\"processMethod\":\"1345\",\"replacedParts\":\"2123\",\"faultReason\":\"1233213213123\"}]','127.0.0.1',2,'2026-05-21 14:12:14'),(549,3,'admin1','1管理员','UPDATE','报修','更新报修进度','com.saas.framework.controller.RepairController.process','/api/repair/7/process','[7,{\"status\":\"无法解决\",\"processMethod\":\"\",\"replacedParts\":\"\",\"faultReason\":\"\"}]','127.0.0.1',2,'2026-05-21 14:12:46'),(550,3,'admin1','1管理员','CREATE','报修','新增报修单','com.saas.framework.controller.RepairController.create','/api/repair','[{\"customerId\":23,\"customerName\":\"1\",\"contactPerson\":\"1\",\"contactPhone\":\"1\",\"repairContent\":\"13\",\"repairType\":\"\",\"repairTime\":\"2026-05-23 00:00:00\",\"repairAddress\":\"\",\"urgency\":\"普通\",\"faultDescription\":\"\"}]','127.0.0.1',2,'2026-05-21 14:13:33'),(551,3,'admin1','1管理员','UPDATE','报修','分配报修单','com.saas.framework.controller.RepairController.assign','/api/repair/8/assign','[8,{\"assigneeId\":4,\"assigneeName\":\"ycz\"}]','127.0.0.1',2,'2026-05-21 14:13:37'),(552,3,'admin1','1管理员','UPDATE','报修','更新报修进度','com.saas.framework.controller.RepairController.process','/api/repair/8/process','[8,{\"status\":\"处理中\",\"processMethod\":\"\",\"replacedParts\":\"\",\"faultReason\":\"\"}]','127.0.0.1',2,'2026-05-21 14:13:43'),(553,3,'admin1','1管理员','UPDATE','报修','标记报修异常','com.saas.framework.controller.RepairController.markException','/api/repair/8/exception','[8,{\"exceptionReason\":\"垃圾\",\"secondPlan\":\"\",\"secondRemindTime\":\"\"}]','127.0.0.1',2,'2026-05-21 14:13:54'),(554,3,'admin1','1管理员','DELETE','报修','删除报修单','com.saas.framework.controller.RepairController.delete','/api/repair/8','[8]','127.0.0.1',2,'2026-05-21 14:15:11'),(555,3,'admin1','1管理员','QUERY','客户','查询客户列表','com.saas.framework.controller.CustomerController.page','/api/customer/page','[1,10,null,null,null,null,null,null,null,null]','127.0.0.1',2,'2026-05-21 14:15:20'),(556,3,'admin1','1管理员','QUERY','客户','查询客户列表','com.saas.framework.controller.CustomerController.page','/api/customer/page','[1,10,null,null,null,null,null,null,null,null]','127.0.0.1',2,'2026-05-21 14:18:10'),(557,3,'admin1','1管理员','CREATE','跟进','新增跟进记录','com.saas.framework.controller.FollowUpController.createRecord','/api/follow-up/records','[{\"customerId\":23,\"followUpTime\":\"2026-05-23 00:00:00\",\"followUpPersonId\":null,\"followUpPerson\":null,\"followUpMethod\":2,\"followUpContent\":\"1\",\"nextPlan\":\"\",\"followUpStatus\":2}]','127.0.0.1',2,'2026-05-21 14:18:22'),(558,3,'admin1','1管理员','DELETE','跟进','删除跟进记录','com.saas.framework.controller.FollowUpController.deleteRecord','/api/follow-up/records/11','[11]','127.0.0.1',2,'2026-05-21 14:18:28'),(559,3,'admin1','1管理员','QUERY','客户','查询客户列表','com.saas.framework.controller.CustomerController.page','/api/customer/page','[1,10,null,null,null,null,null,null,null,null]','127.0.0.1',2,'2026-05-21 14:19:12'),(560,3,'admin1','1管理员','QUERY','客户','查看客户详情','com.saas.framework.controller.CustomerController.detail','/api/customer/23','[23]','127.0.0.1',2,'2026-05-21 14:19:18'),(561,3,'admin1','1管理员','QUERY','客户','查询客户修改记录','com.saas.framework.controller.CustomerController.listModifyLogs','/api/customer/23/modify-logs','[23]','127.0.0.1',2,'2026-05-21 14:19:18'),(562,3,'admin1','1管理员','QUERY','客户','查询客户附件列表','com.saas.framework.controller.CustomerController.listAttachments','/api/customer/23/attachments','[23]','127.0.0.1',2,'2026-05-21 14:19:18'),(563,3,'admin1','1管理员','QUERY','客户','查看客户详情','com.saas.framework.controller.CustomerController.detail','/api/customer/23','[23]','127.0.0.1',2,'2026-05-21 14:19:23'),(564,3,'admin1','1管理员','QUERY','客户','查看客户详情','com.saas.framework.controller.CustomerController.detail','/api/customer/23','[23]','127.0.0.1',2,'2026-05-21 14:19:31'),(565,3,'admin1','1管理员','QUERY','客户','查询客户修改记录','com.saas.framework.controller.CustomerController.listModifyLogs','/api/customer/23/modify-logs','[23]','127.0.0.1',2,'2026-05-21 14:19:31'),(566,3,'admin1','1管理员','QUERY','客户','查询客户附件列表','com.saas.framework.controller.CustomerController.listAttachments','/api/customer/23/attachments','[23]','127.0.0.1',2,'2026-05-21 14:19:31'),(567,3,'admin1','1管理员','QUERY','客户','查询客户列表','com.saas.framework.controller.CustomerController.page','/api/customer/page','[1,1000,null,null,null,null,null,null,null,null]','127.0.0.1',2,'2026-05-21 14:19:34'),(568,3,'admin1','1管理员','QUERY','客户','查询客户列表','com.saas.framework.controller.CustomerController.page','/api/customer/page','[1,1000,null,null,null,null,null,null,null,null]','127.0.0.1',2,'2026-05-21 14:23:12'),(569,3,'admin1','1管理员','QUERY','客户','查询客户列表','com.saas.framework.controller.CustomerController.page','/api/customer/page','[1,1000,null,null,null,null,null,null,null,null]','127.0.0.1',2,'2026-05-21 14:23:44'),(570,3,'admin1','1管理员','QUERY','客户','查询客户列表','com.saas.framework.controller.CustomerController.page','/api/customer/page','[1,1000,null,null,null,null,null,null,null,null]','127.0.0.1',2,'2026-05-21 14:24:05'),(571,3,'admin1','1管理员','QUERY','客户','查询客户列表','com.saas.framework.controller.CustomerController.page','/api/customer/page','[1,1000,null,null,null,null,null,null,null,null]','127.0.0.1',2,'2026-05-21 14:24:19'),(572,3,'admin1','1管理员','QUERY','客户','查询客户列表','com.saas.framework.controller.CustomerController.page','/api/customer/page','[1,1000,null,null,null,null,null,null,null,null]','127.0.0.1',2,'2026-05-21 14:26:02'),(573,3,'admin1','1管理员','QUERY','客户','查询客户列表','com.saas.framework.controller.CustomerController.page','/api/customer/page','[1,1000,null,null,null,null,null,null,null,null]','127.0.0.1',2,'2026-05-21 14:28:11'),(574,3,'admin1','1管理员','QUERY','客户','查询客户列表','com.saas.framework.controller.CustomerController.page','/api/customer/page','[1,1000,null,null,null,null,null,null,null,null]','127.0.0.1',2,'2026-05-21 15:28:57'),(575,3,'admin1','1管理员','QUERY','客户','查询客户列表','com.saas.framework.controller.CustomerController.page','/api/customer/page','[1,1000,null,null,null,null,null,null,null,null]','127.0.0.1',2,'2026-05-22 09:01:11'),(576,3,'admin1','1管理员','QUERY','客户','查询客户列表','com.saas.framework.controller.CustomerController.page','/api/customer/page','[1,1000,null,null,null,null,null,null,null,null]','127.0.0.1',2,'2026-05-22 09:01:13'),(577,1,'admin','超级管理员','QUERY','客户','查询客户列表','com.saas.framework.controller.CustomerController.page','/api/customer/page','[1,10,null,null,null,null,null,null,null,null]','127.0.0.1',0,'2026-05-22 09:01:19'),(578,1,'admin','超级管理员','UPDATE','角色','修改角色','com.saas.framework.controller.RoleController.update','/api/role/8','[8,{\"name\":\"租户管理员\",\"permissionIds\":[21,22,23,24,31,32,33,34,104,105,51,52,53,54,55,56,57,106,107,108,109,110,111,71,72,73,74,75,76,78,79,80,81,82,83,84,85,86,87,89,90,91,92,93,95,96,97,98,99,101,102,124,125,127,128,129,130,131]}]','127.0.0.1',0,'2026-05-22 09:34:54'),(579,1,'admin','超级管理员','QUERY','客户','查询客户列表','com.saas.framework.controller.CustomerController.page','/api/customer/page','[1,1000,null,null,null,null,null,null,null,null]','127.0.0.1',0,'2026-05-22 10:41:25'),(580,1,'admin','超级管理员','QUERY','客户','查询客户列表','com.saas.framework.controller.CustomerController.page','/api/customer/page','[1,1000,null,null,null,null,null,null,null,null]','127.0.0.1',0,'2026-05-22 10:50:18'),(581,1,'admin','超级管理员','QUERY','客户','查询客户列表','com.saas.framework.controller.CustomerController.page','/api/customer/page','[1,1000,null,null,null,null,null,null,null,null]','127.0.0.1',0,'2026-05-22 10:50:19'),(582,1,'admin','超级管理员','QUERY','客户','查询客户列表','com.saas.framework.controller.CustomerController.page','/api/customer/page','[1,1000,null,null,null,null,null,null,null,null]','127.0.0.1',0,'2026-05-22 11:02:55'),(583,1,'admin','超级管理员','QUERY','客户','查询客户列表','com.saas.framework.controller.CustomerController.page','/api/customer/page','[1,1000,null,null,null,null,null,null,null,null]','127.0.0.1',0,'2026-05-22 11:03:01'),(584,1,'admin','超级管理员','QUERY','客户','查询客户列表','com.saas.framework.controller.CustomerController.page','/api/customer/page','[1,1000,null,null,null,null,null,null,null,null]','127.0.0.1',0,'2026-05-22 11:03:05'),(585,1,'admin','超级管理员','UPDATE','报修','分配报修单','com.saas.framework.controller.RepairController.assign','/api/repair/5/assign','[5,{\"assigneeId\":4,\"assigneeName\":\"ycz\"}]','127.0.0.1',0,'2026-05-22 11:03:26'),(586,1,'admin','超级管理员','QUERY','客户','查询客户列表','com.saas.framework.controller.CustomerController.page','/api/customer/page','[1,1000,null,null,null,null,null,null,null,null]','127.0.0.1',0,'2026-05-22 11:03:28'),(587,1,'admin','超级管理员','QUERY','客户','查询客户列表','com.saas.framework.controller.CustomerController.page','/api/customer/page','[1,1000,null,null,null,null,null,null,null,null]','127.0.0.1',0,'2026-05-22 11:03:53'),(588,1,'admin','超级管理员','QUERY','客户','查询客户列表','com.saas.framework.controller.CustomerController.page','/api/customer/page','[1,1000,null,null,null,null,null,null,null,null]','127.0.0.1',0,'2026-05-22 11:03:55'),(589,1,'admin','超级管理员','DELETE','报修','删除报修单','com.saas.framework.controller.RepairController.delete','/api/repair/5','[5]','127.0.0.1',0,'2026-05-22 11:03:58'),(590,1,'admin','超级管理员','CREATE','报修','新增报修单','com.saas.framework.controller.RepairController.create','/api/repair','[{\"customerId\":23,\"customerName\":\"1\",\"contactPerson\":\"1\",\"contactPhone\":\"1\",\"repairContent\":\"1\",\"repairType\":\"\",\"repairTime\":\"2026-05-22 00:00:00\",\"repairAddress\":\"\",\"urgency\":\"普通\",\"faultDescription\":\"\"}]','127.0.0.1',0,'2026-05-22 11:04:06'),(591,1,'admin','超级管理员','UPDATE','报修','分配报修单','com.saas.framework.controller.RepairController.assign','/api/repair/9/assign','[9,{\"assigneeId\":4,\"assigneeName\":\"ycz\"}]','127.0.0.1',0,'2026-05-22 11:04:32'),(592,1,'admin','超级管理员','QUERY','客户','查询客户列表','com.saas.framework.controller.CustomerController.page','/api/customer/page','[1,1000,null,null,null,null,null,null,null,null]','127.0.0.1',0,'2026-05-22 11:04:34'),(593,1,'admin','超级管理员','DELETE','报修','删除报修单','com.saas.framework.controller.RepairController.delete','/api/repair/9','[9]','127.0.0.1',0,'2026-05-22 11:04:45'),(594,1,'admin','超级管理员','QUERY','客户','查询客户列表','com.saas.framework.controller.CustomerController.page','/api/customer/page','[1,1000,null,null,null,null,null,null,null,null]','127.0.0.1',0,'2026-05-22 11:06:06'),(595,1,'admin','超级管理员','CREATE','报修','新增报修单','com.saas.framework.controller.RepairController.create','/api/repair','[{\"customerId\":23,\"customerName\":\"1\",\"contactPerson\":\"1\",\"contactPhone\":\"1\",\"repairContent\":\"1\",\"repairType\":\"\",\"repairTime\":\"\",\"repairAddress\":\"\",\"urgency\":\"普通\",\"faultDescription\":\"\"}]','127.0.0.1',0,'2026-05-22 11:06:13'),(596,1,'admin','超级管理员','QUERY','客户','查询客户列表','com.saas.framework.controller.CustomerController.page','/api/customer/page','[1,1000,null,null,null,null,null,null,null,null]','127.0.0.1',0,'2026-05-22 11:06:17'),(597,1,'admin','超级管理员','QUERY','客户','查询客户列表','com.saas.framework.controller.CustomerController.page','/api/customer/page','[1,1000,null,null,null,null,null,null,null,null]','127.0.0.1',0,'2026-05-22 11:07:17'),(598,1,'admin','超级管理员','QUERY','客户','查询客户列表','com.saas.framework.controller.CustomerController.page','/api/customer/page','[1,1000,null,null,null,null,null,null,null,null]','127.0.0.1',0,'2026-05-22 11:07:32'),(599,1,'admin','超级管理员','QUERY','客户','查询客户列表','com.saas.framework.controller.CustomerController.page','/api/customer/page','[1,10,null,null,null,null,null,null,null,null]','127.0.0.1',0,'2026-05-22 11:07:41'),(600,1,'admin','超级管理员','QUERY','客户','查询客户列表','com.saas.framework.controller.CustomerController.page','/api/customer/page','[1,1000,null,null,null,null,null,null,null,null]','127.0.0.1',0,'2026-05-22 11:07:43'),(601,1,'admin','超级管理员','QUERY','客户','查询客户列表','com.saas.framework.controller.CustomerController.page','/api/customer/page','[1,1000,null,null,null,null,null,null,null,null]','127.0.0.1',0,'2026-05-22 11:07:45'),(602,1,'admin','超级管理员','QUERY','客户','查询客户列表','com.saas.framework.controller.CustomerController.page','/api/customer/page','[1,10,null,null,null,null,null,null,null,null]','127.0.0.1',0,'2026-05-22 11:07:47'),(603,1,'admin','超级管理员','CREATE','客户','新增客户','com.saas.framework.controller.CustomerController.create','/api/customer','[{\"name\":\"1\",\"address\":\"\",\"region\":null,\"contactPerson\":\"1\",\"contactPhone\":\"2\",\"businessCategory\":\"加气站类\",\"businessType\":\"CNG加气站\",\"cooperationCategory\":\"\",\"cooperationStatus\":\"\",\"maintenanceCategory\":\"\",\"gasScale\":\"\",\"smartGasSystem\":\"\",\"contractInfo\":\"\",\"followUpPersonId\":null,\"followUpPerson\":\"3\"}]','127.0.0.1',0,'2026-05-22 11:08:08'),(604,1,'admin','超级管理员','QUERY','客户','查询客户列表','com.saas.framework.controller.CustomerController.page','/api/customer/page','[1,10,null,null,null,null,null,null,null,null]','127.0.0.1',0,'2026-05-22 11:08:08'),(605,1,'admin','超级管理员','DELETE','客户','删除客户','com.saas.framework.controller.CustomerController.delete','/api/customer/24','[24]','127.0.0.1',0,'2026-05-22 11:08:11'),(606,1,'admin','超级管理员','QUERY','客户','查询客户列表','com.saas.framework.controller.CustomerController.page','/api/customer/page','[1,10,null,null,null,null,null,null,null,null]','127.0.0.1',0,'2026-05-22 11:08:12'),(607,1,'admin','超级管理员','CREATE','客户','新增客户','com.saas.framework.controller.CustomerController.create','/api/customer','[{\"name\":\"1\",\"address\":\"\",\"region\":null,\"contactPerson\":\"3\",\"contactPhone\":\"2\",\"businessCategory\":\"加气站类\",\"businessType\":\"CNG加气站\",\"cooperationCategory\":\"\",\"cooperationStatus\":\"\",\"maintenanceCategory\":\"\",\"gasScale\":\"\",\"smartGasSystem\":\"\",\"contractInfo\":\"\",\"followUpPersonId\":null,\"followUpPerson\":\"\"}]','127.0.0.1',0,'2026-05-22 11:08:19'),(608,1,'admin','超级管理员','QUERY','客户','查询客户列表','com.saas.framework.controller.CustomerController.page','/api/customer/page','[1,10,null,null,null,null,null,null,null,null]','127.0.0.1',0,'2026-05-22 11:08:19'),(609,1,'admin','超级管理员','QUERY','客户','查询客户列表','com.saas.framework.controller.CustomerController.page','/api/customer/page','[1,10,null,null,null,null,null,null,null,null]','127.0.0.1',0,'2026-05-22 11:08:22'),(610,1,'admin','超级管理员','DELETE','客户','删除客户','com.saas.framework.controller.CustomerController.delete','/api/customer/25','[25]','127.0.0.1',0,'2026-05-22 11:08:41'),(611,1,'admin','超级管理员','QUERY','客户','查询客户列表','com.saas.framework.controller.CustomerController.page','/api/customer/page','[1,10,null,null,null,null,null,null,null,null]','127.0.0.1',0,'2026-05-22 11:08:41'),(612,1,'admin','超级管理员','DELETE','客户','删除客户','com.saas.framework.controller.CustomerController.delete','/api/customer/23','[23]','127.0.0.1',0,'2026-05-22 11:08:46'),(613,1,'admin','超级管理员','QUERY','客户','查询客户列表','com.saas.framework.controller.CustomerController.page','/api/customer/page','[1,10,null,null,null,null,null,null,null,null]','127.0.0.1',0,'2026-05-22 11:08:46'),(614,1,'admin','超级管理员','QUERY','客户','查看客户详情','com.saas.framework.controller.CustomerController.detail','/api/customer/18','[18]','127.0.0.1',0,'2026-05-22 11:09:17'),(615,1,'admin','超级管理员','QUERY','客户','查询客户修改记录','com.saas.framework.controller.CustomerController.listModifyLogs','/api/customer/18/modify-logs','[18]','127.0.0.1',0,'2026-05-22 11:09:17'),(616,1,'admin','超级管理员','QUERY','客户','查询客户附件列表','com.saas.framework.controller.CustomerController.listAttachments','/api/customer/18/attachments','[18]','127.0.0.1',0,'2026-05-22 11:09:17'),(617,1,'admin','超级管理员','CREATE','跟进','新增跟进记录','com.saas.framework.controller.FollowUpController.createRecord','/api/follow-up/records','[{\"customerId\":18,\"followUpTime\":\"2026-05-22 00:00:00\",\"followUpPersonId\":null,\"followUpPerson\":null,\"followUpMethod\":1,\"followUpContent\":\"1\",\"nextPlan\":\"\",\"followUpStatus\":1}]','127.0.0.1',0,'2026-05-22 11:09:29'),(618,1,'admin','超级管理员','QUERY','客户','查询客户列表','com.saas.framework.controller.CustomerController.page','/api/customer/page','[1,10,null,null,null,null,null,null,null,null]','127.0.0.1',0,'2026-05-22 11:09:32'),(619,3,'admin1','1管理员','QUERY','客户','查询客户列表','com.saas.framework.controller.CustomerController.page','/api/customer/page','[1,10,null,null,null,null,null,null,null,null]','127.0.0.1',2,'2026-05-22 11:09:47'),(620,3,'admin1','1管理员','QUERY','客户','查询客户列表','com.saas.framework.controller.CustomerController.page','/api/customer/page','[1,1000,null,null,null,null,null,null,null,null]','127.0.0.1',2,'2026-05-22 11:09:49'),(621,3,'admin1','1管理员','QUERY','客户','查询客户列表','com.saas.framework.controller.CustomerController.page','/api/customer/page','[1,10,null,null,null,null,null,null,null,null]','127.0.0.1',2,'2026-05-22 11:12:36'),(622,3,'admin1','1管理员','QUERY','客户','查询客户列表','com.saas.framework.controller.CustomerController.page','/api/customer/page','[1,1000,null,null,null,null,null,null,null,null]','127.0.0.1',2,'2026-05-22 11:12:36'),(623,3,'admin1','1管理员','DELETE','合同','删除合同','com.saas.framework.controller.ContractController.delete','/api/contract/21','[21]','127.0.0.1',2,'2026-05-22 11:12:38'),(624,3,'admin1','1管理员','QUERY','客户','查询客户列表','com.saas.framework.controller.CustomerController.page','/api/customer/page','[1,10,null,null,null,null,null,null,null,null]','127.0.0.1',2,'2026-05-22 11:12:39'),(625,3,'admin1','1管理员','CREATE','客户','新增客户','com.saas.framework.controller.CustomerController.create','/api/customer','[{\"name\":\"13\",\"address\":\"\",\"region\":null,\"contactPerson\":\"2\",\"contactPhone\":\"23\",\"businessCategory\":\"加气站类\",\"businessType\":\"CNG加气站\",\"cooperationCategory\":\"已合作\",\"cooperationStatus\":\"\",\"maintenanceCategory\":\"\",\"gasScale\":\"\",\"smartGasSystem\":\"\",\"contractInfo\":\"\",\"followUpPersonId\":null,\"followUpPerson\":\"1\"}]','127.0.0.1',2,'2026-05-22 11:12:48'),(626,3,'admin1','1管理员','QUERY','客户','查询客户列表','com.saas.framework.controller.CustomerController.page','/api/customer/page','[1,10,null,null,null,null,null,null,null,null]','127.0.0.1',2,'2026-05-22 11:12:49'),(627,3,'admin1','1管理员','QUERY','客户','查询客户列表','com.saas.framework.controller.CustomerController.page','/api/customer/page','[1,1000,null,null,null,null,null,null,null,null]','127.0.0.1',2,'2026-05-22 11:12:51'),(628,3,'admin1','1管理员','CREATE','合同','新增合同','com.saas.framework.controller.ContractController.create','/api/contract','[{\"contractNo\":\"1\",\"customerId\":26,\"customerName\":\"13\",\"signDate\":\"2026-05-22\",\"expireDate\":\"2026-05-30\",\"contractAmount\":null,\"serviceContent\":\"\",\"paymentMethod\":\"\",\"personInChargeId\":null,\"personInCharge\":\"\",\"remark\":\"\",\"contractStatus\":\"已生效\"}]','127.0.0.1',2,'2026-05-22 11:13:00'),(629,3,'admin1','1管理员','QUERY','客户','查询客户列表','com.saas.framework.controller.CustomerController.page','/api/customer/page','[1,1000,null,null,null,null,null,null,null,null]','127.0.0.1',2,'2026-05-22 11:13:02'),(630,3,'admin1','1管理员','QUERY','客户','查询客户列表','com.saas.framework.controller.CustomerController.page','/api/customer/page','[1,10,null,null,null,null,null,null,null,null]','127.0.0.1',2,'2026-05-22 11:13:03'),(631,3,'admin1','1管理员','QUERY','客户','查询客户列表','com.saas.framework.controller.CustomerController.page','/api/customer/page','[1,10,null,null,null,null,null,null,null,null]','127.0.0.1',2,'2026-05-22 11:13:03'),(632,3,'admin1','1管理员','QUERY','客户','查询客户列表','com.saas.framework.controller.CustomerController.page','/api/customer/page','[1,10,null,null,null,null,null,null,null,null]','127.0.0.1',2,'2026-05-22 11:13:04'),(633,3,'admin1','1管理员','QUERY','客户','查询客户列表','com.saas.framework.controller.CustomerController.page','/api/customer/page','[1,10,null,null,null,null,null,null,null,null]','127.0.0.1',2,'2026-05-22 11:13:04'),(634,3,'admin1','1管理员','QUERY','客户','查询客户列表','com.saas.framework.controller.CustomerController.page','/api/customer/page','[1,10,null,null,null,null,null,null,null,null]','127.0.0.1',2,'2026-05-22 11:13:04'),(635,3,'admin1','1管理员','QUERY','客户','查询客户列表','com.saas.framework.controller.CustomerController.page','/api/customer/page','[1,10,null,null,null,null,null,null,null,null]','127.0.0.1',2,'2026-05-22 11:13:05'),(636,3,'admin1','1管理员','QUERY','客户','查询客户列表','com.saas.framework.controller.CustomerController.page','/api/customer/page','[1,10,null,null,null,null,null,null,null,null]','127.0.0.1',2,'2026-05-22 11:13:55'),(637,3,'admin1','1管理员','QUERY','客户','查询客户列表','com.saas.framework.controller.CustomerController.page','/api/customer/page','[1,1000,null,null,null,null,null,null,null,null]','127.0.0.1',2,'2026-05-22 11:13:57'),(638,3,'admin1','1管理员','QUERY','客户','查询客户列表','com.saas.framework.controller.CustomerController.page','/api/customer/page','[1,10,null,null,null,null,null,null,null,null]','127.0.0.1',2,'2026-05-22 11:16:37'),(639,3,'admin1','1管理员','QUERY','客户','查询客户列表','com.saas.framework.controller.CustomerController.page','/api/customer/page','[1,10,null,null,null,null,null,null,null,null]','127.0.0.1',2,'2026-05-22 11:16:44'),(640,3,'admin1','1管理员','QUERY','客户','查询客户列表','com.saas.framework.controller.CustomerController.page','/api/customer/page','[1,10,null,null,null,null,null,null,null,null]','127.0.0.1',2,'2026-05-22 11:16:46'),(641,4,'yycz','ycz','QUERY','客户','查询客户列表（失败）','com.saas.framework.controller.CustomerController.page','/api/customer/page','[1,1000,null,null,null,null,null,null,null,null]','127.0.0.1',2,'2026-05-22 11:17:15'),(642,3,'admin1','1管理员','QUERY','客户','查询客户列表','com.saas.framework.controller.CustomerController.page','/api/customer/page','[1,10,null,null,null,null,null,null,null,null]','127.0.0.1',2,'2026-05-22 11:17:51'),(643,3,'admin1','1管理员','QUERY','客户','查询客户列表','com.saas.framework.controller.CustomerController.page','/api/customer/page','[1,10,null,null,null,null,null,null,null,null]','127.0.0.1',2,'2026-05-22 11:21:49'),(644,3,'admin1','1管理员','QUERY','客户','查询客户列表','com.saas.framework.controller.CustomerController.page','/api/customer/page','[1,1000,null,null,null,null,null,null,null,null]','127.0.0.1',2,'2026-05-22 11:21:51'),(645,3,'admin1','1管理员','QUERY','客户','查询客户列表','com.saas.framework.controller.CustomerController.page','/api/customer/page','[1,10,null,null,null,null,null,null,null,null]','127.0.0.1',2,'2026-05-22 11:21:51'),(646,3,'admin1','1管理员','QUERY','客户','查询客户列表','com.saas.framework.controller.CustomerController.page','/api/customer/page','[1,10,null,null,null,null,null,null,null,null]','127.0.0.1',2,'2026-05-22 11:21:53'),(647,3,'admin1','1管理员','QUERY','客户','查询客户列表','com.saas.framework.controller.CustomerController.page','/api/customer/page','[1,10,null,null,null,null,null,null,null,null]','127.0.0.1',2,'2026-05-22 11:30:04'),(648,1,'admin','超级管理员','QUERY','客户','查询客户列表','com.saas.framework.controller.CustomerController.page','/api/customer/page','[1,1000,null,null,null,null,null,null,null,null]','127.0.0.1',0,'2026-05-22 11:31:28'),(649,1,'admin','超级管理员','QUERY','客户','查询客户列表','com.saas.framework.controller.CustomerController.page','/api/customer/page','[1,1000,null,null,null,null,null,null,null,null]','127.0.0.1',0,'2026-05-22 11:31:32'),(650,1,'admin','超级管理员','QUERY','客户','查询客户列表','com.saas.framework.controller.CustomerController.page','/api/customer/page','[1,1000,null,null,null,null,null,null,null,null]','127.0.0.1',0,'2026-05-22 11:31:48'),(651,1,'admin','超级管理员','QUERY','客户','查询客户列表','com.saas.framework.controller.CustomerController.page','/api/customer/page','[1,1000,null,null,null,null,null,null,null,null]','127.0.0.1',0,'2026-05-22 11:32:06'),(652,1,'admin','超级管理员','QUERY','客户','查询客户列表','com.saas.framework.controller.CustomerController.page','/api/customer/page','[1,1000,null,null,null,null,null,null,null,null]','127.0.0.1',0,'2026-05-22 11:32:06'),(653,1,'admin','超级管理员','QUERY','客户','查询客户列表','com.saas.framework.controller.CustomerController.page','/api/customer/page','[1,1000,null,null,null,null,null,null,null,null]','127.0.0.1',0,'2026-05-22 11:34:12'),(654,1,'admin','超级管理员','QUERY','客户','查询客户列表','com.saas.framework.controller.CustomerController.page','/api/customer/page','[1,1000,null,null,null,null,null,null,null,null]','127.0.0.1',0,'2026-05-22 11:34:29'),(655,1,'admin','超级管理员','QUERY','客户','查询客户列表','com.saas.framework.controller.CustomerController.page','/api/customer/page','[1,1000,null,null,null,null,null,null,null,null]','127.0.0.1',0,'2026-05-22 11:34:35'),(656,1,'admin','超级管理员','DELETE','报修','删除报修单','com.saas.framework.controller.RepairController.delete','/api/repair/7','[7]','127.0.0.1',0,'2026-05-22 11:34:38'),(657,3,'admin1','1管理员','QUERY','客户','查询客户列表','com.saas.framework.controller.CustomerController.page','/api/customer/page','[1,10,null,null,null,null,null,null,null,null]','127.0.0.1',2,'2026-05-22 11:38:21'),(658,3,'admin1','1管理员','DELETE','客户','删除客户','com.saas.framework.controller.CustomerController.delete','/api/customer/26','[26]','127.0.0.1',2,'2026-05-22 11:38:24'),(659,3,'admin1','1管理员','QUERY','客户','查询客户列表','com.saas.framework.controller.CustomerController.page','/api/customer/page','[1,10,null,null,null,null,null,null,null,null]','127.0.0.1',2,'2026-05-22 11:38:24'),(660,3,'admin1','1管理员','CREATE','客户','新增客户','com.saas.framework.controller.CustomerController.create','/api/customer','[{\"name\":\"1\",\"address\":\"\",\"region\":null,\"contactPerson\":\"1\",\"contactPhone\":\"1\",\"businessCategory\":\"加气站类\",\"businessType\":\"CNG加气站\",\"cooperationCategory\":\"已合作\",\"cooperationStatus\":\"\",\"maintenanceCategory\":\"\",\"gasScale\":\"\",\"smartGasSystem\":\"\",\"contractInfo\":\"\",\"followUpPersonId\":null,\"followUpPerson\":\"\"}]','127.0.0.1',2,'2026-05-22 11:38:33'),(661,3,'admin1','1管理员','QUERY','客户','查询客户列表','com.saas.framework.controller.CustomerController.page','/api/customer/page','[1,10,null,null,null,null,null,null,null,null]','127.0.0.1',2,'2026-05-22 11:38:33'),(662,3,'admin1','1管理员','QUERY','客户','查询客户列表','com.saas.framework.controller.CustomerController.page','/api/customer/page','[1,1000,null,null,null,null,null,null,null,null]','127.0.0.1',2,'2026-05-22 11:38:35'),(663,3,'admin1','1管理员','CREATE','合同','新增合同','com.saas.framework.controller.ContractController.create','/api/contract','[{\"contractNo\":\"13\",\"customerId\":27,\"customerName\":\"1\",\"signDate\":\"2026-05-22\",\"expireDate\":\"2026-05-31\",\"contractAmount\":null,\"serviceContent\":\"\",\"paymentMethod\":\"\",\"personInChargeId\":null,\"personInCharge\":\"\",\"remark\":\"\",\"contractStatus\":\"已生效\"}]','127.0.0.1',2,'2026-05-22 11:38:44'),(664,3,'admin1','1管理员','QUERY','客户','查询客户列表','com.saas.framework.controller.CustomerController.page','/api/customer/page','[1,10,null,null,null,null,null,null,null,null]','127.0.0.1',2,'2026-05-22 11:38:46'),(665,3,'admin1','1管理员','QUERY','客户','查询客户列表','com.saas.framework.controller.CustomerController.page','/api/customer/page','[1,10,null,null,null,null,null,null,null,null]','127.0.0.1',2,'2026-05-22 11:38:48'),(666,3,'admin1','1管理员','QUERY','客户','查询客户列表','com.saas.framework.controller.CustomerController.page','/api/customer/page','[1,10,null,null,null,null,null,null,null,null]','127.0.0.1',2,'2026-05-22 11:40:18'),(667,3,'admin1','1管理员','QUERY','客户','查询客户列表','com.saas.framework.controller.CustomerController.page','/api/customer/page','[1,10,null,null,null,null,null,null,null,null]','127.0.0.1',2,'2026-05-22 11:40:18'),(668,3,'admin1','1管理员','QUERY','客户','查询客户列表','com.saas.framework.controller.CustomerController.page','/api/customer/page','[1,10,null,null,null,null,null,null,null,null]','127.0.0.1',2,'2026-05-22 11:43:03'),(669,3,'admin1','1管理员','QUERY','客户','查询客户列表','com.saas.framework.controller.CustomerController.page','/api/customer/page','[1,10,null,null,null,null,null,null,null,null]','127.0.0.1',2,'2026-05-22 11:43:13'),(670,3,'admin1','1管理员','QUERY','客户','查询客户列表','com.saas.framework.controller.CustomerController.page','/api/customer/page','[1,10,null,null,null,null,null,null,null,null]','127.0.0.1',2,'2026-05-22 11:43:14'),(671,3,'admin1','1管理员','QUERY','客户','查询客户列表','com.saas.framework.controller.CustomerController.page','/api/customer/page','[1,10,null,null,null,null,null,null,null,null]','127.0.0.1',2,'2026-05-22 11:43:19'),(672,3,'admin1','1管理员','QUERY','客户','查询客户列表','com.saas.framework.controller.CustomerController.page','/api/customer/page','[1,10,null,null,null,null,null,null,null,null]','127.0.0.1',2,'2026-05-22 11:43:34'),(673,3,'admin1','1管理员','QUERY','客户','查询客户列表','com.saas.framework.controller.CustomerController.page','/api/customer/page','[1,10,null,null,null,null,null,null,null,null]','127.0.0.1',2,'2026-05-22 11:43:35'),(674,1,'admin','超级管理员','QUERY','客户','查询客户列表','com.saas.framework.controller.CustomerController.page','/api/customer/page','[1,10,null,null,null,null,null,null,null,null]','127.0.0.1',0,'2026-05-22 13:28:16'),(675,3,'admin1','1管理员','QUERY','客户','查询客户列表','com.saas.framework.controller.CustomerController.page','/api/customer/page','[1,10,null,null,null,null,null,null,null,null]','127.0.0.1',2,'2026-05-22 13:29:19'),(676,3,'admin1','1管理员','QUERY','客户','查询客户列表','com.saas.framework.controller.CustomerController.page','/api/customer/page','[1,1000,null,null,null,null,null,null,null,null]','127.0.0.1',2,'2026-05-22 13:30:57'),(677,3,'admin1','1管理员','QUERY','客户','查询客户列表','com.saas.framework.controller.CustomerController.page','/api/customer/page','[1,1000,null,null,null,null,null,null,null,null]','127.0.0.1',2,'2026-05-22 13:31:00'),(678,3,'admin1','1管理员','CREATE','报修','新增报修单','com.saas.framework.controller.RepairController.create','/api/repair','[{\"customerId\":27,\"customerName\":\"1\",\"contactPerson\":\"1\",\"contactPhone\":\"1\",\"repairContent\":\"1\",\"repairType\":\"智慧燃气系统故障\",\"repairTime\":\"2026-05-22 13:31:07\",\"repairAddress\":\"\",\"urgency\":\"普通\",\"faultDescription\":\"\"}]','127.0.0.1',2,'2026-05-22 13:31:10'),(679,3,'admin1','1管理员','QUERY','客户','查询客户列表','com.saas.framework.controller.CustomerController.page','/api/customer/page','[1,10,null,null,null,null,null,null,null,null]','127.0.0.1',2,'2026-05-22 13:31:21'),(680,3,'admin1','1管理员','CREATE','跟进','新增跟进记录','com.saas.framework.controller.FollowUpController.createRecord','/api/follow-up/records','[{\"customerId\":27,\"followUpTime\":\"2026-05-22 13:31:25\",\"followUpPersonId\":null,\"followUpPerson\":null,\"followUpMethod\":1,\"followUpContent\":\"123\",\"nextPlan\":\"\",\"followUpStatus\":1}]','127.0.0.1',2,'2026-05-22 13:31:30'),(681,3,'admin1','1管理员','QUERY','客户','查询客户列表','com.saas.framework.controller.CustomerController.page','/api/customer/page','[1,10,null,null,null,null,null,null,null,null]','127.0.0.1',2,'2026-05-22 13:32:48'),(682,1,'admin','超级管理员','CREATE','备份','手动执行数据备份（失败）','com.saas.framework.controller.BackupController.manualBackup','/api/backup/manual',NULL,'127.0.0.1',0,'2026-05-22 13:33:39'),(683,1,'admin','超级管理员','CREATE','备份','手动执行数据备份（失败）','com.saas.framework.controller.BackupController.manualBackup','/api/backup/manual',NULL,'127.0.0.1',0,'2026-05-22 13:34:05'),(684,1,'admin','超级管理员','CREATE','备份','手动执行数据备份','com.saas.framework.controller.BackupController.manualBackup','/api/backup/manual',NULL,'127.0.0.1',0,'2026-05-22 13:36:36'),(685,1,'admin','超级管理员','DELETE','备份','删除备份记录','com.saas.framework.controller.BackupController.delete','/api/backup/1','[1]','127.0.0.1',0,'2026-05-22 13:36:40'),(686,1,'admin','超级管理员','CREATE','备份','手动执行数据备份（失败）','com.saas.framework.controller.BackupController.manualBackup','/api/backup/manual',NULL,'127.0.0.1',0,'2026-05-22 13:44:45'),(687,1,'admin','超级管理员','CREATE','备份','手动执行数据备份（失败）','com.saas.framework.controller.BackupController.manualBackup','/api/backup/manual',NULL,'127.0.0.1',0,'2026-05-22 13:47:29'),(688,1,'admin','超级管理员','CREATE','备份','手动执行数据备份（失败）','com.saas.framework.controller.BackupController.manualBackup','/api/backup/manual',NULL,'127.0.0.1',0,'2026-05-22 13:50:48'),(689,1,'admin','超级管理员','CREATE','备份','手动执行数据备份','com.saas.framework.controller.BackupController.manualBackup','/api/backup/manual',NULL,'127.0.0.1',0,'2026-05-22 13:51:02'),(690,1,'admin','超级管理员','DELETE','备份','删除备份记录','com.saas.framework.controller.BackupController.delete','/api/backup/5','[5]','127.0.0.1',0,'2026-05-22 13:51:17'),(691,1,'admin','超级管理员','QUERY','客户','查询客户修改记录','com.saas.framework.controller.CustomerController.listModifyLogs','/api/customer/27/modify-logs','[27]','127.0.0.1',0,'2026-05-22 14:00:56'),(692,1,'admin','超级管理员','QUERY','客户','查询客户附件列表','com.saas.framework.controller.CustomerController.listAttachments','/api/customer/27/attachments','[27]','127.0.0.1',0,'2026-05-22 14:00:56'),(693,1,'admin','超级管理员','QUERY','客户','查看客户详情','com.saas.framework.controller.CustomerController.detail','/api/customer/27','[27]','127.0.0.1',0,'2026-05-22 14:00:56'),(694,1,'admin','超级管理员','QUERY','客户','查询客户列表','com.saas.framework.controller.CustomerController.page','/api/customer/page','[1,10,null,null,null,null,null,null,null,null]','127.0.0.1',0,'2026-05-22 14:01:00'),(695,1,'admin','超级管理员','QUERY','客户','查看客户详情','com.saas.framework.controller.CustomerController.detail','/api/customer/18','[18]','127.0.0.1',0,'2026-05-22 14:01:02'),(696,1,'admin','超级管理员','QUERY','客户','查询客户修改记录','com.saas.framework.controller.CustomerController.listModifyLogs','/api/customer/18/modify-logs','[18]','127.0.0.1',0,'2026-05-22 14:01:03'),(697,1,'admin','超级管理员','QUERY','客户','查询客户附件列表','com.saas.framework.controller.CustomerController.listAttachments','/api/customer/18/attachments','[18]','127.0.0.1',0,'2026-05-22 14:01:03'),(698,1,'admin','超级管理员','QUERY','客户','查询客户列表','com.saas.framework.controller.CustomerController.page','/api/customer/page','[1,10,null,null,null,null,null,null,null,null]','127.0.0.1',0,'2026-05-22 14:01:05'),(699,1,'admin','超级管理员','QUERY','客户','查询客户列表','com.saas.framework.controller.CustomerController.page','/api/customer/page','[1,1000,null,null,null,null,null,null,null,null]','127.0.0.1',0,'2026-05-22 14:01:10'),(700,1,'admin','超级管理员','QUERY','客户','查询客户列表','com.saas.framework.controller.CustomerController.page','/api/customer/page','[1,10,null,null,null,null,null,null,null,null]','127.0.0.1',0,'2026-05-22 14:01:12'),(701,1,'admin','超级管理员','QUERY','客户','查询客户列表','com.saas.framework.controller.CustomerController.page','/api/customer/page','[1,10,null,null,null,null,null,null,null,null]','127.0.0.1',0,'2026-05-22 14:03:47'),(702,1,'admin','超级管理员','QUERY','客户','查询客户列表','com.saas.framework.controller.CustomerController.page','/api/customer/page','[1,10,null,null,null,null,null,null,null,null]','127.0.0.1',0,'2026-05-22 14:05:11'),(703,1,'admin','超级管理员','QUERY','客户','查询客户列表','com.saas.framework.controller.CustomerController.page','/api/customer/page','[1,1000,null,null,null,null,null,null,null,null]','127.0.0.1',0,'2026-05-22 14:13:18'),(704,1,'admin','超级管理员','QUERY','客户','查询客户列表','com.saas.framework.controller.CustomerController.page','/api/customer/page','[1,1000,null,null,null,null,null,null,null,null]','127.0.0.1',0,'2026-05-22 14:43:49'),(705,1,'admin','超级管理员','QUERY','客户','查询客户列表','com.saas.framework.controller.CustomerController.page','/api/customer/page','[1,1000,null,null,null,null,null,null,null,null]','127.0.0.1',0,'2026-05-22 14:44:00'),(706,1,'admin','超级管理员','QUERY','客户','查询客户列表','com.saas.framework.controller.CustomerController.page','/api/customer/page','[1,1000,null,null,null,null,null,null,null,null]','127.0.0.1',0,'2026-05-22 14:46:57'),(707,1,'admin','超级管理员','QUERY','客户','查看客户详情','com.saas.framework.controller.CustomerController.detail','/api/customer/18','[18]','127.0.0.1',0,'2026-05-22 14:47:00'),(708,1,'admin','超级管理员','QUERY','客户','查询客户修改记录','com.saas.framework.controller.CustomerController.listModifyLogs','/api/customer/18/modify-logs','[18]','127.0.0.1',0,'2026-05-22 14:47:00'),(709,1,'admin','超级管理员','QUERY','客户','查询客户附件列表','com.saas.framework.controller.CustomerController.listAttachments','/api/customer/18/attachments','[18]','127.0.0.1',0,'2026-05-22 14:47:01'),(710,1,'admin','超级管理员','QUERY','客户','查询客户列表','com.saas.framework.controller.CustomerController.page','/api/customer/page','[1,1000,null,null,null,null,null,null,null,null]','127.0.0.1',0,'2026-05-22 14:47:03'),(711,1,'admin','超级管理员','QUERY','客户','查询客户列表','com.saas.framework.controller.CustomerController.page','/api/customer/page','[1,1000,null,null,null,null,null,null,null,null]','127.0.0.1',0,'2026-05-22 14:47:04'),(712,1,'admin','超级管理员','QUERY','客户','查询客户列表','com.saas.framework.controller.CustomerController.page','/api/customer/page','[1,1000,null,null,null,null,null,null,null,null]','127.0.0.1',0,'2026-05-22 14:47:06'),(713,1,'admin','超级管理员','QUERY','客户','查询客户列表','com.saas.framework.controller.CustomerController.page','/api/customer/page','[1,1000,null,null,null,null,null,null,null,null]','127.0.0.1',0,'2026-05-22 14:47:44'),(714,3,'admin1','1管理员','QUERY','客户','查询客户列表','com.saas.framework.controller.CustomerController.page','/api/customer/page','[1,1000,null,null,null,null,null,null,null,null]','127.0.0.1',2,'2026-05-22 14:48:01'),(715,3,'admin1','1管理员','QUERY','客户','查询客户列表','com.saas.framework.controller.CustomerController.page','/api/customer/page','[1,10,null,null,null,null,null,null,null,null]','127.0.0.1',2,'2026-05-22 16:10:06'),(716,3,'admin1','1管理员','QUERY','客户','查询客户列表','com.saas.framework.controller.CustomerController.page','/api/customer/page','[1,1000,null,null,null,null,null,null,null,null]','127.0.0.1',2,'2026-05-22 16:10:07'),(717,3,'admin1','1管理员','QUERY','客户','查询客户列表','com.saas.framework.controller.CustomerController.page','/api/customer/page','[1,1000,null,null,null,null,null,null,null,null]','127.0.0.1',2,'2026-05-22 16:10:08'),(718,3,'admin1','1管理员','QUERY','客户','查询客户列表','com.saas.framework.controller.CustomerController.page','/api/customer/page','[1,10,null,null,null,null,null,null,null,null]','127.0.0.1',2,'2026-05-22 16:10:40'),(719,3,'admin1','1管理员','QUERY','客户','查询客户列表','com.saas.framework.controller.CustomerController.page','/api/customer/page','[1,10,null,null,null,null,null,null,null,null]','127.0.0.1',2,'2026-05-22 16:10:44'),(720,3,'admin1','1管理员','QUERY','客户','查询客户列表','com.saas.framework.controller.CustomerController.page','/api/customer/page','[1,1000,null,null,null,null,null,null,null,null]','127.0.0.1',2,'2026-05-22 16:10:53'),(721,1,'admin','超级管理员','QUERY','客户','查询客户列表','com.saas.framework.controller.CustomerController.page','/api/customer/page','[1,1000,null,null,null,null,null,null,null,null]','127.0.0.1',0,'2026-05-25 10:10:48'),(722,1,'admin','超级管理员','DELETE','报修','删除报修单','com.saas.framework.controller.RepairController.delete','/api/repair/10','[10]','127.0.0.1',0,'2026-05-25 10:10:54'),(723,1,'admin','超级管理员','QUERY','客户','查询客户列表','com.saas.framework.controller.CustomerController.page','/api/customer/page','[1,1000,null,null,null,null,null,null,null,null]','127.0.0.1',0,'2026-05-25 10:10:57'),(724,1,'admin','超级管理员','QUERY','客户','查询客户列表','com.saas.framework.controller.CustomerController.page','/api/customer/page','[1,1000,null,null,null,null,null,null,null,null]','127.0.0.1',0,'2026-05-25 10:12:00'),(725,1,'admin','超级管理员','QUERY','客户','查询客户列表','com.saas.framework.controller.CustomerController.page','/api/customer/page','[1,1000,null,null,null,null,null,null,null,null]','127.0.0.1',0,'2026-05-25 10:14:23'),(726,1,'admin','超级管理员','QUERY','客户','查询客户列表','com.saas.framework.controller.CustomerController.page','/api/customer/page','[1,1000,null,null,null,null,null,null,null,null]','127.0.0.1',0,'2026-05-25 10:15:04'),(727,1,'admin','超级管理员','QUERY','客户','查询客户列表','com.saas.framework.controller.CustomerController.page','/api/customer/page','[1,1000,null,null,null,null,null,null,null,null]','127.0.0.1',0,'2026-05-25 10:15:43'),(728,1,'admin','超级管理员','QUERY','客户','查询客户列表','com.saas.framework.controller.CustomerController.page','/api/customer/page','[1,1000,null,null,null,null,null,null,null,null]','127.0.0.1',0,'2026-05-25 10:15:44'),(729,1,'admin','超级管理员','QUERY','客户','查询客户列表','com.saas.framework.controller.CustomerController.page','/api/customer/page','[1,1000,null,null,null,null,null,null,null,null]','127.0.0.1',0,'2026-05-25 10:15:45'),(730,1,'admin','超级管理员','QUERY','客户','查询客户列表','com.saas.framework.controller.CustomerController.page','/api/customer/page','[1,10,null,null,null,null,null,null,null,null]','127.0.0.1',0,'2026-05-25 10:15:45'),(731,5,'111','ycz','QUERY','客户','查询客户列表','com.saas.framework.controller.CustomerController.page','/api/customer/page','[1,10,null,null,null,null,null,null,null,null]','127.0.0.1',2,'2026-05-25 10:18:47'),(732,5,'111','ycz','QUERY','客户','查询客户列表','com.saas.framework.controller.CustomerController.page','/api/customer/page','[1,10,null,null,null,null,null,null,null,null]','127.0.0.1',2,'2026-05-25 10:18:50'),(733,5,'111','ycz','QUERY','客户','查询客户列表','com.saas.framework.controller.CustomerController.page','/api/customer/page','[1,1000,null,null,null,null,null,null,null,null]','127.0.0.1',2,'2026-05-25 10:18:52'),(734,5,'111','ycz','QUERY','客户','查询客户列表','com.saas.framework.controller.CustomerController.page','/api/customer/page','[1,10,null,null,null,null,null,null,null,null]','127.0.0.1',2,'2026-05-25 10:18:54'),(735,4,'yycz','ycz','QUERY','客户','查询客户列表（失败）','com.saas.framework.controller.CustomerController.page','/api/customer/page','[1,1000,null,null,null,null,null,null,null,null]','127.0.0.1',2,'2026-05-25 10:19:41'),(736,4,'yycz','ycz','QUERY','客户','查询客户列表（失败）','com.saas.framework.controller.CustomerController.page','/api/customer/page','[1,1000,null,null,null,null,null,null,null,null]','127.0.0.1',2,'2026-05-25 10:22:41'),(737,5,'111','ycz','QUERY','客户','查询客户列表','com.saas.framework.controller.CustomerController.page','/api/customer/page','[1,10,null,null,null,null,null,null,null,null]','127.0.0.1',2,'2026-05-25 10:23:06'),(738,5,'111','ycz','QUERY','客户','查询客户列表','com.saas.framework.controller.CustomerController.page','/api/customer/page','[1,1000,null,null,null,null,null,null,null,null]','127.0.0.1',2,'2026-05-25 10:23:07'),(739,5,'111','ycz','QUERY','客户','查询客户列表','com.saas.framework.controller.CustomerController.page','/api/customer/page','[1,1000,null,null,null,null,null,null,null,null]','127.0.0.1',2,'2026-05-25 10:23:10'),(740,5,'111','ycz','QUERY','客户','查询客户列表','com.saas.framework.controller.CustomerController.page','/api/customer/page','[1,10,null,null,null,null,null,null,null,null]','127.0.0.1',2,'2026-05-25 10:23:44'),(741,5,'111','ycz','QUERY','客户','查询客户列表','com.saas.framework.controller.CustomerController.page','/api/customer/page','[1,1000,null,null,null,null,null,null,null,null]','127.0.0.1',2,'2026-05-25 10:23:45'),(742,5,'111','ycz','QUERY','客户','查询客户列表','com.saas.framework.controller.CustomerController.page','/api/customer/page','[1,10,null,null,null,null,null,null,null,null]','127.0.0.1',2,'2026-05-25 10:23:46'),(743,5,'111','ycz','QUERY','客户','查询客户列表','com.saas.framework.controller.CustomerController.page','/api/customer/page','[1,10,null,null,null,null,null,null,null,null]','127.0.0.1',2,'2026-05-25 10:23:47'),(744,5,'111','ycz','QUERY','客户','查询客户列表','com.saas.framework.controller.CustomerController.page','/api/customer/page','[1,10,null,null,null,null,null,null,null,null]','127.0.0.1',2,'2026-05-25 10:24:13'),(745,5,'111','ycz','QUERY','客户','查询客户列表','com.saas.framework.controller.CustomerController.page','/api/customer/page','[1,1000,null,null,null,null,null,null,null,null]','127.0.0.1',2,'2026-05-25 10:24:35'),(746,5,'111','ycz','QUERY','客户','查询客户列表','com.saas.framework.controller.CustomerController.page','/api/customer/page','[1,10,null,null,null,null,null,null,null,null]','127.0.0.1',2,'2026-05-25 10:26:30'),(747,5,'111','ycz','CREATE','跟进','新增跟进记录','com.saas.framework.controller.FollowUpController.createRecord','/api/follow-up/records','[{\"customerId\":27,\"followUpTime\":\"2026-05-25 10:26:38\",\"followUpPersonId\":null,\"followUpPerson\":null,\"followUpMethod\":1,\"followUpContent\":\"1\",\"nextPlan\":\"\",\"followUpStatus\":2}]','127.0.0.1',2,'2026-05-25 10:26:44'),(748,5,'111','ycz','QUERY','客户','查询客户列表','com.saas.framework.controller.CustomerController.page','/api/customer/page','[1,10,null,null,null,null,null,null,null,null]','127.0.0.1',2,'2026-05-25 10:26:48'),(749,5,'111','ycz','QUERY','客户','查询客户列表','com.saas.framework.controller.CustomerController.page','/api/customer/page','[1,10,null,null,null,null,null,null,null,null]','127.0.0.1',2,'2026-05-25 10:26:53'),(750,5,'111','ycz','QUERY','客户','查看客户详情','com.saas.framework.controller.CustomerController.detail','/api/customer/27','[27]','127.0.0.1',2,'2026-05-25 10:27:10'),(751,5,'111','ycz','QUERY','客户','查询客户附件列表','com.saas.framework.controller.CustomerController.listAttachments','/api/customer/27/attachments','[27]','127.0.0.1',2,'2026-05-25 10:27:13'),(752,5,'111','ycz','QUERY','客户','查看客户详情','com.saas.framework.controller.CustomerController.detail','/api/customer/27','[27]','127.0.0.1',2,'2026-05-25 10:27:13'),(753,5,'111','ycz','QUERY','客户','查询客户修改记录','com.saas.framework.controller.CustomerController.listModifyLogs','/api/customer/27/modify-logs','[27]','127.0.0.1',2,'2026-05-25 10:27:13'),(754,5,'111','ycz','QUERY','客户','查询客户列表','com.saas.framework.controller.CustomerController.page','/api/customer/page','[1,10,null,null,null,null,null,null,null,null]','127.0.0.1',2,'2026-05-25 10:28:35'),(755,5,'111','ycz','QUERY','客户','查询客户列表','com.saas.framework.controller.CustomerController.page','/api/customer/page','[1,10,null,null,null,null,null,null,null,null]','127.0.0.1',2,'2026-05-25 10:33:32'),(756,5,'111','ycz','QUERY','客户','查询客户列表','com.saas.framework.controller.CustomerController.page','/api/customer/page','[1,10,null,null,null,null,null,null,null,null]','127.0.0.1',2,'2026-05-25 10:33:51'),(757,1,'admin','超级管理员','QUERY','客户','查询客户列表','com.saas.framework.controller.CustomerController.page','/api/customer/page','[1,10,null,null,null,null,null,null,null,null]','127.0.0.1',0,'2026-05-25 10:34:14'),(758,1,'admin','超级管理员','QUERY','客户','查询客户列表','com.saas.framework.controller.CustomerController.page','/api/customer/page','[1,10,null,null,null,null,null,null,null,null]','127.0.0.1',0,'2026-05-25 10:36:44'),(759,1,'admin','超级管理员','QUERY','客户','查询客户列表','com.saas.framework.controller.CustomerController.page','/api/customer/page','[1,10,null,null,null,null,null,null,null,null]','127.0.0.1',0,'2026-05-25 10:40:36'),(760,1,'admin','超级管理员','QUERY','客户','查看客户详情','com.saas.framework.controller.CustomerController.detail','/api/customer/27','[27]','127.0.0.1',0,'2026-05-25 10:40:38'),(761,1,'admin','超级管理员','QUERY','客户','查询客户附件列表','com.saas.framework.controller.CustomerController.listAttachments','/api/customer/27/attachments','[27]','127.0.0.1',0,'2026-05-25 10:40:39'),(762,1,'admin','超级管理员','QUERY','客户','查询客户修改记录','com.saas.framework.controller.CustomerController.listModifyLogs','/api/customer/27/modify-logs','[27]','127.0.0.1',0,'2026-05-25 10:40:39'),(763,1,'admin','超级管理员','QUERY','客户','查询客户列表','com.saas.framework.controller.CustomerController.page','/api/customer/page','[1,1000,null,null,null,null,null,null,null,null]','127.0.0.1',0,'2026-05-25 10:40:45'),(764,1,'admin','超级管理员','QUERY','客户','查询客户列表','com.saas.framework.controller.CustomerController.page','/api/customer/page','[1,1000,null,null,null,null,null,null,null,null]','127.0.0.1',0,'2026-05-25 10:40:47'),(765,1,'admin','超级管理员','QUERY','客户','查询客户列表','com.saas.framework.controller.CustomerController.page','/api/customer/page','[1,10,null,null,null,null,null,null,null,null]','127.0.0.1',0,'2026-05-25 10:40:48'),(766,1,'admin','超级管理员','QUERY','客户','查询客户列表','com.saas.framework.controller.CustomerController.page','/api/customer/page','[1,1000,null,null,null,null,null,null,null,null]','127.0.0.1',0,'2026-05-25 10:41:05'),(767,3,'admin1','1管理员','QUERY','客户','查询客户列表','com.saas.framework.controller.CustomerController.page','/api/customer/page','[1,10,null,null,null,null,null,null,null,null]','127.0.0.1',2,'2026-05-25 10:41:16'),(768,3,'admin1','1管理员','QUERY','客户','查询客户列表','com.saas.framework.controller.CustomerController.page','/api/customer/page','[1,10,null,null,null,null,null,null,null,null]','127.0.0.1',2,'2026-05-25 10:41:21'),(769,3,'admin1','1管理员','QUERY','客户','查询客户列表','com.saas.framework.controller.CustomerController.page','/api/customer/page','[1,1000,null,null,null,null,null,null,null,null]','127.0.0.1',2,'2026-05-25 10:41:28'),(770,1,'admin','超级管理员','QUERY','客户','查询客户列表','com.saas.framework.controller.CustomerController.page','/api/customer/page','[1,1000,null,null,null,null,null,null,null,null]','127.0.0.1',0,'2026-05-25 10:41:49'),(771,3,'admin1','1管理员','QUERY','客户','查询客户列表','com.saas.framework.controller.CustomerController.page','/api/customer/page','[1,10,null,null,null,null,null,null,null,null]','127.0.0.1',2,'2026-05-25 10:41:59'),(772,3,'admin1','1管理员','QUERY','客户','查看客户详情','com.saas.framework.controller.CustomerController.detail','/api/customer/27','[27]','127.0.0.1',2,'2026-05-25 10:42:00'),(773,3,'admin1','1管理员','QUERY','客户','查询客户列表','com.saas.framework.controller.CustomerController.page','/api/customer/page','[1,1000,null,null,null,null,null,null,null,null]','127.0.0.1',2,'2026-05-25 10:42:02'),(774,3,'admin1','1管理员','QUERY','客户','查询客户列表','com.saas.framework.controller.CustomerController.page','/api/customer/page','[1,1000,null,null,null,null,null,null,null,null]','127.0.0.1',2,'2026-05-25 10:42:06'),(775,1,'admin','超级管理员','QUERY','客户','查询客户列表','com.saas.framework.controller.CustomerController.page','/api/customer/page','[1,1000,null,null,null,null,null,null,null,null]','127.0.0.1',0,'2026-05-25 10:42:16'),(776,1,'admin','超级管理员','QUERY','客户','查询客户列表','com.saas.framework.controller.CustomerController.page','/api/customer/page','[1,1000,null,null,null,null,null,null,null,null]','127.0.0.1',0,'2026-05-25 10:44:39'),(777,1,'admin','超级管理员','QUERY','客户','查询客户列表','com.saas.framework.controller.CustomerController.page','/api/customer/page','[1,10,null,null,null,null,null,null,null,null]','127.0.0.1',0,'2026-05-25 10:53:54'),(778,1,'admin','超级管理员','QUERY','客户','查看客户详情','com.saas.framework.controller.CustomerController.detail','/api/customer/18','[18]','127.0.0.1',0,'2026-05-25 10:54:02'),(779,1,'admin','超级管理员','QUERY','客户','查看客户详情','com.saas.framework.controller.CustomerController.detail','/api/customer/18','[18]','127.0.0.1',0,'2026-05-25 10:54:05'),(780,1,'admin','超级管理员','QUERY','客户','查询客户修改记录','com.saas.framework.controller.CustomerController.listModifyLogs','/api/customer/18/modify-logs','[18]','127.0.0.1',0,'2026-05-25 10:54:05'),(781,1,'admin','超级管理员','QUERY','客户','查询客户附件列表','com.saas.framework.controller.CustomerController.listAttachments','/api/customer/18/attachments','[18]','127.0.0.1',0,'2026-05-25 10:54:06'),(782,1,'admin','超级管理员','CREATE','客户','上传客户附件','com.saas.framework.controller.CustomerController.uploadAttachment','/api/customer/18/attachment','[]','127.0.0.1',0,'2026-05-25 10:54:10'),(783,1,'admin','超级管理员','QUERY','客户','查询客户附件列表','com.saas.framework.controller.CustomerController.listAttachments','/api/customer/18/attachments','[18]','127.0.0.1',0,'2026-05-25 10:54:10'),(784,1,'admin','超级管理员','DELETE','客户','删除客户附件','com.saas.framework.controller.CustomerController.deleteAttachment','/api/customer/attachment/5','[5]','127.0.0.1',0,'2026-05-25 10:54:12'),(785,1,'admin','超级管理员','QUERY','客户','查询客户附件列表','com.saas.framework.controller.CustomerController.listAttachments','/api/customer/18/attachments','[18]','127.0.0.1',0,'2026-05-25 10:54:13'),(786,1,'admin','超级管理员','QUERY','客户','查看客户详情','com.saas.framework.controller.CustomerController.detail','/api/customer/27','[27]','127.0.0.1',0,'2026-05-25 10:54:17'),(787,1,'admin','超级管理员','QUERY','客户','查询客户附件列表','com.saas.framework.controller.CustomerController.listAttachments','/api/customer/27/attachments','[27]','127.0.0.1',0,'2026-05-25 10:54:18'),(788,1,'admin','超级管理员','QUERY','客户','查询客户修改记录','com.saas.framework.controller.CustomerController.listModifyLogs','/api/customer/27/modify-logs','[27]','127.0.0.1',0,'2026-05-25 10:54:18'),(789,1,'admin','超级管理员','CREATE','客户','上传客户附件','com.saas.framework.controller.CustomerController.uploadAttachment','/api/customer/27/attachment','[]','127.0.0.1',0,'2026-05-25 10:54:21'),(790,1,'admin','超级管理员','QUERY','客户','查询客户附件列表','com.saas.framework.controller.CustomerController.listAttachments','/api/customer/27/attachments','[27]','127.0.0.1',0,'2026-05-25 10:54:21'),(791,1,'admin','超级管理员','QUERY','客户','查看客户详情','com.saas.framework.controller.CustomerController.detail','/api/customer/27','[27]','127.0.0.1',0,'2026-05-25 10:54:23'),(792,1,'admin','超级管理员','QUERY','客户','查询客户修改记录','com.saas.framework.controller.CustomerController.listModifyLogs','/api/customer/27/modify-logs','[27]','127.0.0.1',0,'2026-05-25 10:54:23'),(793,1,'admin','超级管理员','QUERY','客户','查询客户附件列表','com.saas.framework.controller.CustomerController.listAttachments','/api/customer/27/attachments','[27]','127.0.0.1',0,'2026-05-25 10:54:23'),(794,1,'admin','超级管理员','QUERY','客户','下载客户附件','com.saas.framework.controller.CustomerController.downloadAttachment','/api/customer/attachment/6/download','[]','127.0.0.1',0,'2026-05-25 10:54:25'),(795,1,'admin','超级管理员','DELETE','客户','删除客户附件','com.saas.framework.controller.CustomerController.deleteAttachment','/api/customer/attachment/6','[6]','127.0.0.1',0,'2026-05-25 10:54:29'),(796,1,'admin','超级管理员','QUERY','客户','查询客户附件列表','com.saas.framework.controller.CustomerController.listAttachments','/api/customer/27/attachments','[27]','127.0.0.1',0,'2026-05-25 10:54:30'),(797,1,'admin','超级管理员','QUERY','客户','查询客户列表','com.saas.framework.controller.CustomerController.page','/api/customer/page','[1,1000,null,null,null,null,null,null,null,null]','127.0.0.1',0,'2026-05-25 10:54:31'),(798,1,'admin','超级管理员','UPDATE','合同','修改合同','com.saas.framework.controller.ContractController.update','/api/contract/18','[18,{\"contractNo\":null,\"customerId\":null,\"customerName\":null,\"signDate\":null,\"expireDate\":\"2026-05-30\",\"contractAmount\":null,\"serviceContent\":null,\"paymentMethod\":null,\"personInChargeId\":null,\"personInCharge\":null,\"remark\":null,\"contractStatus\":\"已生效\"}]','127.0.0.1',0,'2026-05-25 10:54:48'),(799,1,'admin','超级管理员','CREATE','合同','上传合同附件','com.saas.framework.controller.ContractController.uploadAttachment','/api/contract/18/attachment','[]','127.0.0.1',0,'2026-05-25 10:54:48'),(800,1,'admin','超级管理员','DELETE','合同','删除合同附件','com.saas.framework.controller.ContractController.deleteAttachment','/api/contract/attachment/11','[11]','127.0.0.1',0,'2026-05-25 10:54:52'),(801,1,'admin','超级管理员','UPDATE','合同','修改合同','com.saas.framework.controller.ContractController.update','/api/contract/18','[18,{\"contractNo\":null,\"customerId\":null,\"customerName\":null,\"signDate\":null,\"expireDate\":\"2026-05-30\",\"contractAmount\":null,\"serviceContent\":null,\"paymentMethod\":null,\"personInChargeId\":null,\"personInCharge\":null,\"remark\":null,\"contractStatus\":\"已生效\"}]','127.0.0.1',0,'2026-05-25 10:54:54'),(802,1,'admin','超级管理员','QUERY','客户','查询客户列表','com.saas.framework.controller.CustomerController.page','/api/customer/page','[1,1000,null,null,null,null,null,null,null,null]','127.0.0.1',0,'2026-05-25 10:54:56'),(803,1,'admin','超级管理员','UPDATE','报修','分配报修单','com.saas.framework.controller.RepairController.assign','/api/repair/11/assign','[11,{\"assigneeId\":4,\"assigneeName\":\"ycz\"}]','127.0.0.1',0,'2026-05-25 10:56:43'),(804,4,'yycz','ycz','QUERY','客户','查询客户列表（失败）','com.saas.framework.controller.CustomerController.page','/api/customer/page','[1,1000,null,null,null,null,null,null,null,null]','127.0.0.1',2,'2026-05-25 10:56:54'),(805,1,'admin','超级管理员','QUERY','客户','查询客户列表','com.saas.framework.controller.CustomerController.page','/api/customer/page','[1,1000,null,null,null,null,null,null,null,null]','127.0.0.1',0,'2026-05-25 10:58:05'),(806,1,'admin','超级管理员','QUERY','客户','查询客户列表','com.saas.framework.controller.CustomerController.page','/api/customer/page','[1,1000,null,null,null,null,null,null,null,null]','127.0.0.1',0,'2026-05-25 10:58:34'),(807,1,'admin','超级管理员','DELETE','报修','删除报修单','com.saas.framework.controller.RepairController.delete','/api/repair/11','[11]','127.0.0.1',0,'2026-05-25 10:58:40'),(808,1,'admin','超级管理员','CREATE','报修','新增报修单','com.saas.framework.controller.RepairController.create','/api/repair','[{\"customerId\":27,\"customerName\":\"1\",\"contactPerson\":\"1\",\"contactPhone\":\"1\",\"repairContent\":\"123\",\"repairType\":\"智慧燃气系统故障\",\"repairTime\":\"2026-05-25 10:58:46\",\"repairAddress\":\"\",\"urgency\":\"普通\",\"faultDescription\":\"\"}]','127.0.0.1',0,'2026-05-25 10:58:50'),(809,1,'admin','超级管理员','UPDATE','报修','分配报修单','com.saas.framework.controller.RepairController.assign','/api/repair/12/assign','[12,{\"assigneeId\":4,\"assigneeName\":\"ycz\"}]','127.0.0.1',0,'2026-05-25 10:59:02'),(810,1,'admin','超级管理员','QUERY','客户','查询客户列表','com.saas.framework.controller.CustomerController.page','/api/customer/page','[1,1000,null,null,null,null,null,null,null,null]','127.0.0.1',0,'2026-05-25 11:06:45'),(811,1,'admin','超级管理员','QUERY','客户','查询客户修改记录','com.saas.framework.controller.CustomerController.listModifyLogs','/api/customer/18/modify-logs','[18]','127.0.0.1',0,'2026-05-25 11:06:55'),(812,1,'admin','超级管理员','QUERY','客户','查看客户详情','com.saas.framework.controller.CustomerController.detail','/api/customer/18','[18]','127.0.0.1',0,'2026-05-25 11:06:55'),(813,1,'admin','超级管理员','QUERY','客户','查询客户附件列表','com.saas.framework.controller.CustomerController.listAttachments','/api/customer/18/attachments','[18]','127.0.0.1',0,'2026-05-25 11:06:55'),(814,1,'admin','超级管理员','QUERY','客户','查询客户列表','com.saas.framework.controller.CustomerController.page','/api/customer/page','[1,10,null,null,null,null,null,null,null,null]','127.0.0.1',0,'2026-05-25 11:06:59'),(815,1,'admin','超级管理员','QUERY','客户','查询客户列表','com.saas.framework.controller.CustomerController.page','/api/customer/page','[1,1000,null,null,null,null,null,null,null,null]','127.0.0.1',0,'2026-05-25 11:07:30'),(816,1,'admin','超级管理员','QUERY','客户','查询客户列表','com.saas.framework.controller.CustomerController.page','/api/customer/page','[1,10,null,null,null,null,null,null,null,null]','127.0.0.1',0,'2026-05-25 11:07:33'),(817,1,'admin','超级管理员','QUERY','客户','查询客户列表','com.saas.framework.controller.CustomerController.page','/api/customer/page','[1,1000,null,null,null,null,null,null,null,null]','127.0.0.1',0,'2026-05-25 11:07:34'),(818,1,'admin','超级管理员','QUERY','客户','查询客户列表','com.saas.framework.controller.CustomerController.page','/api/customer/page','[1,10,null,null,null,null,null,null,null,null]','127.0.0.1',0,'2026-05-25 11:07:36'),(819,1,'admin','超级管理员','DELETE','客户','删除客户','com.saas.framework.controller.CustomerController.delete','/api/customer/18','[18]','127.0.0.1',0,'2026-05-25 11:07:40'),(820,1,'admin','超级管理员','QUERY','客户','查询客户列表','com.saas.framework.controller.CustomerController.page','/api/customer/page','[1,10,null,null,null,null,null,null,null,null]','127.0.0.1',0,'2026-05-25 11:07:41'),(821,1,'admin','超级管理员','QUERY','客户','查询客户列表','com.saas.framework.controller.CustomerController.page','/api/customer/page','[1,1000,null,null,null,null,null,null,null,null]','127.0.0.1',0,'2026-05-25 11:07:42'),(822,1,'admin','超级管理员','QUERY','客户','查询客户列表','com.saas.framework.controller.CustomerController.page','/api/customer/page','[1,1000,null,null,null,null,null,null,null,null]','127.0.0.1',0,'2026-05-25 11:08:42'),(823,1,'admin','超级管理员','QUERY','客户','查询客户列表','com.saas.framework.controller.CustomerController.page','/api/customer/page','[1,10,null,null,null,null,null,null,null,null]','127.0.0.1',0,'2026-05-25 11:08:42'),(824,1,'admin','超级管理员','QUERY','客户','查询客户列表','com.saas.framework.controller.CustomerController.page','/api/customer/page','[1,1000,null,null,null,null,null,null,null,null]','127.0.0.1',0,'2026-05-25 11:08:57'),(825,1,'admin','超级管理员','QUERY','客户','查询客户列表','com.saas.framework.controller.CustomerController.page','/api/customer/page','[1,10,null,null,null,null,null,null,null,null]','127.0.0.1',0,'2026-05-25 11:08:59'),(826,1,'admin','超级管理员','QUERY','客户','查询客户附件列表','com.saas.framework.controller.CustomerController.listAttachments','/api/customer/27/attachments','[27]','127.0.0.1',0,'2026-05-25 11:09:00'),(827,1,'admin','超级管理员','QUERY','客户','查询客户修改记录','com.saas.framework.controller.CustomerController.listModifyLogs','/api/customer/27/modify-logs','[27]','127.0.0.1',0,'2026-05-25 11:09:00'),(828,1,'admin','超级管理员','QUERY','客户','查看客户详情','com.saas.framework.controller.CustomerController.detail','/api/customer/27','[27]','127.0.0.1',0,'2026-05-25 11:09:00'),(829,1,'admin','超级管理员','QUERY','客户','查询客户列表','com.saas.framework.controller.CustomerController.page','/api/customer/page','[1,10,null,null,null,null,null,null,null,null]','127.0.0.1',0,'2026-05-25 11:11:34'),(830,1,'admin','超级管理员','QUERY','客户','查询客户列表','com.saas.framework.controller.CustomerController.page','/api/customer/page','[1,10,null,null,null,null,null,null,null,null]','127.0.0.1',0,'2026-05-25 11:11:34'),(831,1,'admin','超级管理员','QUERY','客户','查询客户附件列表','com.saas.framework.controller.CustomerController.listAttachments','/api/customer/27/attachments','[27]','127.0.0.1',0,'2026-05-25 11:11:55'),(832,1,'admin','超级管理员','QUERY','客户','查看客户详情','com.saas.framework.controller.CustomerController.detail','/api/customer/27','[27]','127.0.0.1',0,'2026-05-25 11:11:55'),(833,1,'admin','超级管理员','QUERY','客户','查询客户修改记录','com.saas.framework.controller.CustomerController.listModifyLogs','/api/customer/27/modify-logs','[27]','127.0.0.1',0,'2026-05-25 11:11:55'),(834,1,'admin','超级管理员','QUERY','客户','查询客户列表','com.saas.framework.controller.CustomerController.page','/api/customer/page','[1,10,null,null,null,null,null,null,null,null]','127.0.0.1',0,'2026-05-25 11:12:01'),(835,1,'admin','超级管理员','QUERY','客户','查询客户列表','com.saas.framework.controller.CustomerController.page','/api/customer/page','[1,10,null,null,null,null,null,null,null,null]','127.0.0.1',0,'2026-05-25 11:12:02'),(836,1,'admin','超级管理员','QUERY','客户','查询客户列表','com.saas.framework.controller.CustomerController.page','/api/customer/page','[1,10,null,null,null,null,null,null,null,null]','127.0.0.1',0,'2026-05-25 11:12:20'),(837,1,'admin','超级管理员','QUERY','客户','查询客户列表','com.saas.framework.controller.CustomerController.page','/api/customer/page','[1,10,null,null,null,null,null,null,null,null]','127.0.0.1',0,'2026-05-25 11:12:48'),(838,1,'admin','超级管理员','QUERY','客户','查询客户列表','com.saas.framework.controller.CustomerController.page','/api/customer/page','[1,10,null,null,null,null,null,null,null,null]','127.0.0.1',0,'2026-05-25 11:13:24'),(839,1,'admin','超级管理员','QUERY','客户','查询客户修改记录','com.saas.framework.controller.CustomerController.listModifyLogs','/api/customer/27/modify-logs','[27]','127.0.0.1',0,'2026-05-25 11:13:44'),(840,1,'admin','超级管理员','QUERY','客户','查询客户附件列表','com.saas.framework.controller.CustomerController.listAttachments','/api/customer/27/attachments','[27]','127.0.0.1',0,'2026-05-25 11:13:44'),(841,1,'admin','超级管理员','QUERY','客户','查看客户详情','com.saas.framework.controller.CustomerController.detail','/api/customer/27','[27]','127.0.0.1',0,'2026-05-25 11:13:44'),(842,1,'admin','超级管理员','QUERY','客户','查询客户附件列表','com.saas.framework.controller.CustomerController.listAttachments','/api/customer/27/attachments','[27]','127.0.0.1',0,'2026-05-25 11:13:48'),(843,1,'admin','超级管理员','QUERY','客户','查询客户修改记录','com.saas.framework.controller.CustomerController.listModifyLogs','/api/customer/27/modify-logs','[27]','127.0.0.1',0,'2026-05-25 11:13:48'),(844,1,'admin','超级管理员','QUERY','客户','查看客户详情','com.saas.framework.controller.CustomerController.detail','/api/customer/27','[27]','127.0.0.1',0,'2026-05-25 11:13:48'),(845,1,'admin','超级管理员','CREATE','客户','新增客户','com.saas.framework.controller.CustomerController.create','/api/customer','[{\"name\":\"2\",\"address\":\"\",\"region\":null,\"contactPerson\":\"2\",\"contactPhone\":\"13\",\"businessCategory\":\"加气站类\",\"businessType\":\"CNG加气站\",\"cooperationCategory\":\"\",\"cooperationStatus\":\"\",\"maintenanceCategory\":\"\",\"gasScale\":\"\",\"smartGasSystem\":\"\",\"contractInfo\":\"\",\"followUpPersonId\":null,\"followUpPerson\":\"\"}]','127.0.0.1',0,'2026-05-25 11:16:36'),(846,1,'admin','超级管理员','QUERY','客户','查询客户列表','com.saas.framework.controller.CustomerController.page','/api/customer/page','[1,10,null,null,null,null,null,null,null,null]','127.0.0.1',0,'2026-05-25 11:16:36'),(847,1,'admin','超级管理员','QUERY','客户','查询客户修改记录','com.saas.framework.controller.CustomerController.listModifyLogs','/api/customer/27/modify-logs','[27]','127.0.0.1',0,'2026-05-25 11:16:43'),(848,1,'admin','超级管理员','QUERY','客户','查询客户附件列表','com.saas.framework.controller.CustomerController.listAttachments','/api/customer/27/attachments','[27]','127.0.0.1',0,'2026-05-25 11:16:43'),(849,1,'admin','超级管理员','QUERY','客户','查看客户详情','com.saas.framework.controller.CustomerController.detail','/api/customer/27','[27]','127.0.0.1',0,'2026-05-25 11:16:43'),(850,1,'admin','超级管理员','QUERY','客户','查看客户详情','com.saas.framework.controller.CustomerController.detail','/api/customer/27','[27]','127.0.0.1',0,'2026-05-25 11:16:45'),(851,1,'admin','超级管理员','DELETE','客户','删除客户','com.saas.framework.controller.CustomerController.delete','/api/customer/27','[27]','127.0.0.1',0,'2026-05-25 11:16:53'),(852,1,'admin','超级管理员','QUERY','客户','查询客户列表','com.saas.framework.controller.CustomerController.page','/api/customer/page','[1,10,null,null,null,null,null,null,null,null]','127.0.0.1',0,'2026-05-25 11:16:53'),(853,1,'admin','超级管理员','CREATE','客户','新增客户','com.saas.framework.controller.CustomerController.create','/api/customer','[{\"name\":\"1\",\"address\":\"\",\"region\":null,\"contactPerson\":\"1\",\"contactPhone\":\"13\",\"businessCategory\":\"加气站类\",\"businessType\":\"CNG加气站\",\"cooperationCategory\":\"已合作\",\"cooperationStatus\":\"正常履约\",\"maintenanceCategory\":\"\",\"gasScale\":\"\",\"smartGasSystem\":\"\",\"contractInfo\":\"\",\"followUpPersonId\":null,\"followUpPerson\":\"\"}]','127.0.0.1',0,'2026-05-25 11:17:10'),(854,1,'admin','超级管理员','QUERY','客户','查询客户列表','com.saas.framework.controller.CustomerController.page','/api/customer/page','[1,10,null,null,null,null,null,null,null,null]','127.0.0.1',0,'2026-05-25 11:17:10'),(855,1,'admin','超级管理员','QUERY','客户','查看客户详情','com.saas.framework.controller.CustomerController.detail','/api/customer/29','[29]','127.0.0.1',0,'2026-05-25 11:17:15'),(856,1,'admin','超级管理员','QUERY','客户','查询客户列表','com.saas.framework.controller.CustomerController.page','/api/customer/page','[1,10,null,null,null,null,null,null,null,null]','127.0.0.1',0,'2026-05-25 11:17:41'),(857,1,'admin','超级管理员','QUERY','客户','查询客户列表','com.saas.framework.controller.CustomerController.page','/api/customer/page','[1,10,null,null,null,null,null,null,null,null]','127.0.0.1',0,'2026-05-25 11:23:18'),(858,1,'admin','超级管理员','QUERY','客户','查看客户详情','com.saas.framework.controller.CustomerController.detail','/api/customer/29','[29]','127.0.0.1',0,'2026-05-25 11:23:22'),(859,1,'admin','超级管理员','UPDATE','客户','修改客户','com.saas.framework.controller.CustomerController.update','/api/customer/29','[29,{\"name\":\"1\",\"address\":\"\",\"detailAddress\":\"\",\"region\":null,\"contactPerson\":\"1\",\"contactPhone\":\"13\",\"businessCategory\":\"加气站类\",\"businessType\":\"CNG加气站\",\"cooperationCategory\":\"已合作\",\"cooperationStatus\":\"正常履约\",\"maintenanceCategory\":\"\",\"gasScale\":\"\",\"smartGasSystem\":\"\",\"contractInfo\":\"\",\"followUpPersonId\":null,\"followUpPerson\":\"\"}]','127.0.0.1',0,'2026-05-25 11:23:36'),(860,1,'admin','超级管理员','QUERY','客户','查询客户列表','com.saas.framework.controller.CustomerController.page','/api/customer/page','[1,10,null,null,null,null,null,null,null,null]','127.0.0.1',0,'2026-05-25 11:23:36'),(861,1,'admin','超级管理员','QUERY','客户','查询客户列表','com.saas.framework.controller.CustomerController.page','/api/customer/page','[1,10,null,null,null,null,null,null,null,null]','127.0.0.1',0,'2026-05-25 11:23:41'),(862,1,'admin','超级管理员','QUERY','客户','查询客户列表','com.saas.framework.controller.CustomerController.page','/api/customer/page','[1,1000,null,null,null,null,null,null,null,null]','127.0.0.1',0,'2026-05-25 11:23:44'),(863,1,'admin','超级管理员','QUERY','客户','查询客户列表','com.saas.framework.controller.CustomerController.page','/api/customer/page','[1,10,null,null,null,null,null,null,null,null]','127.0.0.1',0,'2026-05-25 11:23:44'),(864,1,'admin','超级管理员','QUERY','客户','查询客户列表','com.saas.framework.controller.CustomerController.page','/api/customer/page','[1,10,null,null,null,null,null,null,null,null]','127.0.0.1',0,'2026-05-25 11:23:53'),(865,1,'admin','超级管理员','QUERY','客户','查看客户详情','com.saas.framework.controller.CustomerController.detail','/api/customer/29','[29]','127.0.0.1',0,'2026-05-25 11:23:56'),(866,1,'admin','超级管理员','UPDATE','客户','修改客户','com.saas.framework.controller.CustomerController.update','/api/customer/29','[29,{\"name\":\"1\",\"address\":\"\",\"detailAddress\":\"\",\"region\":null,\"contactPerson\":\"1\",\"contactPhone\":\"13\",\"businessCategory\":\"加气站类\",\"businessType\":\"CNG加气站\",\"cooperationCategory\":\"已合作\",\"cooperationStatus\":\"正常履约\",\"maintenanceCategory\":\"\",\"gasScale\":\"\",\"smartGasSystem\":\"\",\"contractInfo\":\"\",\"followUpPersonId\":null,\"followUpPerson\":\"\"}]','127.0.0.1',0,'2026-05-25 11:24:08'),(867,1,'admin','超级管理员','QUERY','客户','查询客户列表','com.saas.framework.controller.CustomerController.page','/api/customer/page','[1,10,null,null,null,null,null,null,null,null]','127.0.0.1',0,'2026-05-25 11:24:09'),(868,1,'admin','超级管理员','QUERY','客户','查看客户详情','com.saas.framework.controller.CustomerController.detail','/api/customer/29','[29]','127.0.0.1',0,'2026-05-25 11:25:03'),(869,1,'admin','超级管理员','UPDATE','客户','修改客户','com.saas.framework.controller.CustomerController.update','/api/customer/29','[29,{\"name\":\"1\",\"address\":\"\",\"detailAddress\":\"\",\"region\":null,\"contactPerson\":\"1\",\"contactPhone\":\"13\",\"businessCategory\":\"加气站类\",\"businessType\":\"CNG加气站\",\"cooperationCategory\":\"已合作\",\"cooperationStatus\":\"正常履约\",\"maintenanceCategory\":\"\",\"gasScale\":\"\",\"smartGasSystem\":\"\",\"contractInfo\":\"\",\"followUpPersonId\":null,\"followUpPerson\":\"\"}]','127.0.0.1',0,'2026-05-25 11:25:15'),(870,1,'admin','超级管理员','QUERY','客户','查询客户列表','com.saas.framework.controller.CustomerController.page','/api/customer/page','[1,10,null,null,null,null,null,null,null,null]','127.0.0.1',0,'2026-05-25 11:25:15'),(871,1,'admin','超级管理员','QUERY','客户','查询客户列表','com.saas.framework.controller.CustomerController.page','/api/customer/page','[1,10,null,null,null,null,null,null,null,null]','127.0.0.1',0,'2026-05-25 11:26:24'),(872,1,'admin','超级管理员','QUERY','客户','查询客户列表','com.saas.framework.controller.CustomerController.page','/api/customer/page','[1,10,null,null,null,null,null,null,null,null]','127.0.0.1',0,'2026-05-25 11:26:57'),(873,1,'admin','超级管理员','QUERY','客户','查看客户详情','com.saas.framework.controller.CustomerController.detail','/api/customer/29','[29]','127.0.0.1',0,'2026-05-25 11:28:37'),(874,1,'admin','超级管理员','QUERY','客户','查询客户列表','com.saas.framework.controller.CustomerController.page','/api/customer/page','[1,10,null,null,null,null,null,null,null,null]','127.0.0.1',0,'2026-05-25 11:30:14'),(875,1,'admin','超级管理员','QUERY','客户','查看客户详情','com.saas.framework.controller.CustomerController.detail','/api/customer/29','[29]','127.0.0.1',0,'2026-05-25 11:30:19'),(876,1,'admin','超级管理员','UPDATE','客户','修改客户','com.saas.framework.controller.CustomerController.update','/api/customer/29','[29,{\"name\":\"1\",\"address\":\"\",\"detailAddress\":\"\",\"region\":\"\",\"contactPerson\":\"1\",\"contactPhone\":\"13\",\"businessCategory\":\"加气站类\",\"businessType\":\"CNG加气站\",\"cooperationCategory\":\"已合作\",\"cooperationStatus\":\"正常履约\",\"maintenanceCategory\":\"\",\"gasScale\":\"\",\"smartGasSystem\":\"\",\"contractInfo\":\"\",\"remark\":\"\",\"followUpPersonId\":null,\"followUpPerson\":\"\"}]','127.0.0.1',0,'2026-05-25 11:30:32'),(877,1,'admin','超级管理员','QUERY','客户','查询客户列表','com.saas.framework.controller.CustomerController.page','/api/customer/page','[1,10,null,null,null,null,null,null,null,null]','127.0.0.1',0,'2026-05-25 11:30:32'),(878,1,'admin','超级管理员','QUERY','客户','查询客户列表','com.saas.framework.controller.CustomerController.page','/api/customer/page','[1,10,null,null,null,null,null,null,null,null]','127.0.0.1',0,'2026-05-25 11:31:31'),(879,1,'admin','超级管理员','QUERY','客户','查询客户列表','com.saas.framework.controller.CustomerController.page','/api/customer/page','[1,10,null,null,null,null,null,null,null,null]','127.0.0.1',0,'2026-05-25 11:31:58'),(880,1,'admin','超级管理员','QUERY','客户','查询客户列表','com.saas.framework.controller.CustomerController.page','/api/customer/page','[1,10,null,null,null,null,null,null,null,null]','127.0.0.1',0,'2026-05-25 11:32:45'),(881,1,'admin','超级管理员','QUERY','客户','查询客户列表','com.saas.framework.controller.CustomerController.page','/api/customer/page','[1,10,null,null,null,null,null,null,null,null]','127.0.0.1',0,'2026-05-25 11:34:55'),(882,1,'admin','超级管理员','QUERY','客户','查看客户详情','com.saas.framework.controller.CustomerController.detail','/api/customer/29','[29]','127.0.0.1',0,'2026-05-25 11:34:57'),(883,1,'admin','超级管理员','UPDATE','客户','修改客户','com.saas.framework.controller.CustomerController.update','/api/customer/29','[29,{\"name\":\"1\",\"address\":\"\",\"detailAddress\":\"\",\"region\":\"\",\"contactPerson\":\"1\",\"contactPhone\":\"13\",\"businessCategory\":\"加气站类\",\"businessType\":\"CNG加气站\",\"cooperationCategory\":\"已合作\",\"cooperationStatus\":\"正常履约\",\"maintenanceCategory\":\"\",\"gasScale\":\"\",\"smartGasSystem\":\"\",\"contractInfo\":\"\",\"remark\":\"\",\"followUpPersonId\":null,\"followUpPerson\":\"\"}]','127.0.0.1',0,'2026-05-25 11:35:08'),(884,1,'admin','超级管理员','QUERY','客户','查询客户列表','com.saas.framework.controller.CustomerController.page','/api/customer/page','[1,10,null,null,null,null,null,null,null,null]','127.0.0.1',0,'2026-05-25 11:35:08'),(885,1,'admin','超级管理员','QUERY','客户','查看客户详情','com.saas.framework.controller.CustomerController.detail','/api/customer/29','[29]','127.0.0.1',0,'2026-05-25 11:35:23'),(886,1,'admin','超级管理员','UPDATE','客户','修改客户','com.saas.framework.controller.CustomerController.update','/api/customer/29','[29,{\"name\":\"1\",\"address\":\"\",\"detailAddress\":\"\",\"region\":\"\",\"contactPerson\":\"1\",\"contactPhone\":\"13\",\"businessCategory\":\"加气站类\",\"businessType\":\"CNG加气站\",\"cooperationCategory\":\"已合作\",\"cooperationStatus\":\"正常履约\",\"maintenanceCategory\":\"\",\"gasScale\":\"\",\"smartGasSystem\":\"\",\"contractInfo\":\"\",\"remark\":\"\",\"followUpPersonId\":null,\"followUpPerson\":\"\"}]','127.0.0.1',0,'2026-05-25 11:35:33'),(887,1,'admin','超级管理员','QUERY','客户','查询客户列表','com.saas.framework.controller.CustomerController.page','/api/customer/page','[1,10,null,null,null,null,null,null,null,null]','127.0.0.1',0,'2026-05-25 11:35:33'),(888,1,'admin','超级管理员','QUERY','客户','查看客户详情','com.saas.framework.controller.CustomerController.detail','/api/customer/29','[29]','127.0.0.1',0,'2026-05-25 11:36:15'),(889,1,'admin','超级管理员','QUERY','客户','查询客户列表','com.saas.framework.controller.CustomerController.page','/api/customer/page','[1,10,null,null,null,null,null,null,null,null]','127.0.0.1',0,'2026-05-25 12:04:00'),(890,1,'admin','超级管理员','QUERY','客户','查询客户列表','com.saas.framework.controller.CustomerController.page','/api/customer/page','[1,10,null,null,null,null,null,null,null,null]','127.0.0.1',0,'2026-05-25 12:04:13'),(891,1,'admin','超级管理员','QUERY','客户','查询客户列表','com.saas.framework.controller.CustomerController.page','/api/customer/page','[1,10,null,null,null,null,null,null,null,null]','127.0.0.1',0,'2026-05-25 12:04:28'),(892,1,'admin','超级管理员','QUERY','客户','查询客户列表','com.saas.framework.controller.CustomerController.page','/api/customer/page','[1,10,null,null,null,null,null,null,null,null]','127.0.0.1',0,'2026-05-25 12:08:56'),(893,1,'admin','超级管理员','QUERY','客户','查看客户详情','com.saas.framework.controller.CustomerController.detail','/api/customer/29','[29]','127.0.0.1',0,'2026-05-25 12:08:58'),(894,1,'admin','超级管理员','UPDATE','客户','修改客户','com.saas.framework.controller.CustomerController.update','/api/customer/29','[29,{\"name\":\"1\",\"address\":\"\",\"detailAddress\":\"\",\"region\":\"\",\"contactPerson\":\"1\",\"contactPhone\":\"13\",\"businessCategory\":\"加气站类\",\"businessType\":\"CNG加气站\",\"cooperationCategory\":\"已合作\",\"cooperationStatus\":\"正常履约\",\"maintenanceCategory\":\"\",\"gasScale\":\"\",\"smartGasSystem\":\"\",\"contractInfo\":\"\",\"followUpPersonId\":null,\"followUpPerson\":\"\"}]','127.0.0.1',0,'2026-05-25 12:09:03'),(895,1,'admin','超级管理员','QUERY','客户','查询客户列表','com.saas.framework.controller.CustomerController.page','/api/customer/page','[1,10,null,null,null,null,null,null,null,null]','127.0.0.1',0,'2026-05-25 12:09:03'),(896,1,'admin','超级管理员','QUERY','客户','查看客户详情','com.saas.framework.controller.CustomerController.detail','/api/customer/29','[29]','127.0.0.1',0,'2026-05-25 12:09:57'),(897,1,'admin','超级管理员','UPDATE','客户','修改客户','com.saas.framework.controller.CustomerController.update','/api/customer/29','[29,{\"name\":\"1\",\"address\":\"\",\"detailAddress\":\"\",\"region\":\"\",\"contactPerson\":\"1\",\"contactPhone\":\"13\",\"businessCategory\":\"加气站类\",\"businessType\":\"CNG加气站\",\"cooperationCategory\":\"已合作\",\"cooperationStatus\":\"正常履约\",\"maintenanceCategory\":\"\",\"gasScale\":\"\",\"smartGasSystem\":\"\",\"contractInfo\":\"\",\"followUpPersonId\":null,\"followUpPerson\":\"\"}]','127.0.0.1',0,'2026-05-25 12:10:04'),(898,1,'admin','超级管理员','QUERY','客户','查询客户列表','com.saas.framework.controller.CustomerController.page','/api/customer/page','[1,10,null,null,null,null,null,null,null,null]','127.0.0.1',0,'2026-05-25 12:10:04'),(899,1,'admin','超级管理员','QUERY','客户','查询客户列表','com.saas.framework.controller.CustomerController.page','/api/customer/page','[1,10,null,null,null,null,null,null,null,null]','127.0.0.1',0,'2026-05-25 12:11:39'),(900,1,'admin','超级管理员','QUERY','客户','查看客户详情','com.saas.framework.controller.CustomerController.detail','/api/customer/29','[29]','127.0.0.1',0,'2026-05-25 12:11:45'),(901,1,'admin','超级管理员','UPDATE','客户','修改客户','com.saas.framework.controller.CustomerController.update','/api/customer/29','[29,{\"name\":\"1\",\"address\":\"\",\"detailAddress\":\"\",\"region\":\"\",\"contactPerson\":\"1\",\"contactPhone\":\"13\",\"businessCategory\":\"加气站类\",\"businessType\":\"CNG加气站\",\"cooperationCategory\":\"已合作\",\"cooperationStatus\":\"正常履约\",\"maintenanceCategory\":\"\",\"gasScale\":\"\",\"smartGasSystem\":\"\",\"contractInfo\":\"\",\"followUpPersonId\":null,\"followUpPerson\":\"\"}]','127.0.0.1',0,'2026-05-25 12:11:53'),(902,1,'admin','超级管理员','QUERY','客户','查询客户列表','com.saas.framework.controller.CustomerController.page','/api/customer/page','[1,10,null,null,null,null,null,null,null,null]','127.0.0.1',0,'2026-05-25 12:11:53'),(903,1,'admin','超级管理员','QUERY','客户','查询客户列表','com.saas.framework.controller.CustomerController.page','/api/customer/page','[1,10,null,null,null,null,null,null,null,null]','127.0.0.1',0,'2026-05-25 12:12:34'),(904,1,'admin','超级管理员','QUERY','客户','查询客户列表','com.saas.framework.controller.CustomerController.page','/api/customer/page','[1,10,null,null,null,null,null,null,null,null]','127.0.0.1',0,'2026-05-25 12:12:48'),(905,1,'admin','超级管理员','QUERY','客户','查询客户列表','com.saas.framework.controller.CustomerController.page','/api/customer/page','[1,10,null,null,null,null,null,null,null,null]','127.0.0.1',0,'2026-05-25 12:13:12'),(906,1,'admin','超级管理员','QUERY','客户','查询客户列表','com.saas.framework.controller.CustomerController.page','/api/customer/page','[1,10,null,null,null,null,null,null,null,null]','127.0.0.1',0,'2026-05-25 12:13:26'),(907,1,'admin','超级管理员','QUERY','客户','查看客户详情','com.saas.framework.controller.CustomerController.detail','/api/customer/29','[29]','127.0.0.1',0,'2026-05-25 12:13:28'),(908,1,'admin','超级管理员','UPDATE','客户','修改客户','com.saas.framework.controller.CustomerController.update','/api/customer/29','[29,{\"name\":\"1\",\"address\":\"210000/210100/210103\",\"detailAddress\":\"\",\"region\":\"210103\",\"contactPerson\":\"1\",\"contactPhone\":\"13\",\"businessCategory\":\"加气站类\",\"businessType\":\"CNG加气站\",\"cooperationCategory\":\"已合作\",\"cooperationStatus\":\"正常履约\",\"maintenanceCategory\":\"\",\"gasScale\":\"\",\"smartGasSystem\":\"\",\"contractInfo\":\"\",\"followUpPersonId\":null,\"followUpPerson\":\"\"}]','127.0.0.1',0,'2026-05-25 12:13:35'),(909,1,'admin','超级管理员','QUERY','客户','查询客户列表','com.saas.framework.controller.CustomerController.page','/api/customer/page','[1,10,null,null,null,null,null,null,null,null]','127.0.0.1',0,'2026-05-25 12:13:35'),(910,1,'admin','超级管理员','QUERY','客户','查询客户列表','com.saas.framework.controller.CustomerController.page','/api/customer/page','[1,10,null,null,null,null,null,null,null,null]','127.0.0.1',0,'2026-05-25 12:14:49'),(911,1,'admin','超级管理员','QUERY','客户','查询客户列表','com.saas.framework.controller.CustomerController.page','/api/customer/page','[1,10,null,null,null,null,null,null,null,null]','127.0.0.1',0,'2026-05-25 12:15:16'),(912,1,'admin','超级管理员','QUERY','客户','查看客户详情','com.saas.framework.controller.CustomerController.detail','/api/customer/29','[29]','127.0.0.1',0,'2026-05-25 12:15:20'),(913,1,'admin','超级管理员','UPDATE','客户','修改客户','com.saas.framework.controller.CustomerController.update','/api/customer/29','[29,{\"name\":\"1\",\"address\":\"北京市/市辖区/东城区\",\"detailAddress\":\"\",\"region\":\"110101\",\"contactPerson\":\"1\",\"contactPhone\":\"13\",\"businessCategory\":\"加气站类\",\"businessType\":\"CNG加气站\",\"cooperationCategory\":\"已合作\",\"cooperationStatus\":\"正常履约\",\"maintenanceCategory\":\"\",\"gasScale\":\"\",\"smartGasSystem\":\"\",\"contractInfo\":\"\",\"followUpPersonId\":null,\"followUpPerson\":\"\"}]','127.0.0.1',0,'2026-05-25 12:15:26'),(914,1,'admin','超级管理员','QUERY','客户','查询客户列表','com.saas.framework.controller.CustomerController.page','/api/customer/page','[1,10,null,null,null,null,null,null,null,null]','127.0.0.1',0,'2026-05-25 12:15:27'),(915,1,'admin','超级管理员','QUERY','客户','查看客户详情','com.saas.framework.controller.CustomerController.detail','/api/customer/29','[29]','127.0.0.1',0,'2026-05-25 12:15:28'),(916,1,'admin','超级管理员','QUERY','客户','查询客户列表','com.saas.framework.controller.CustomerController.page','/api/customer/page','[1,10,null,null,null,null,null,null,null,null]','127.0.0.1',0,'2026-05-25 12:15:42'),(917,1,'admin','超级管理员','CREATE','角色','新增角色','com.saas.framework.controller.RoleController.create','/api/role','[{\"name\":\"测试\",\"permissionIds\":[21,22,23,24]}]','127.0.0.1',0,'2026-05-25 12:26:29'),(918,1,'admin','超级管理员','UPDATE','角色','修改角色','com.saas.framework.controller.RoleController.update','/api/role/18','[18,{\"name\":\"测试\",\"permissionIds\":[21,22,23,24,31,32,33,34]}]','127.0.0.1',0,'2026-05-25 12:26:39'),(919,1,'admin','超级管理员','DELETE','角色','删除角色','com.saas.framework.controller.RoleController.delete','/api/role/18','[18]','127.0.0.1',0,'2026-05-25 12:26:41'),(920,1,'admin','超级管理员','QUERY','客户','查询客户列表','com.saas.framework.controller.CustomerController.page','/api/customer/page','[1,10,null,null,null,null,null,null,null,null]','127.0.0.1',0,'2026-05-25 12:26:43'),(921,1,'admin','超级管理员','CREATE','客户','新增客户','com.saas.framework.controller.CustomerController.create','/api/customer','[{\"name\":\"13\",\"address\":\"辽宁省/沈阳市/沈河区\",\"detailAddress\":\"\",\"region\":\"210103\",\"contactPerson\":\"2\",\"contactPhone\":\"13\",\"businessCategory\":\"加气站类\",\"businessType\":\"CNG加气站\",\"cooperationCategory\":\"\",\"cooperationStatus\":\"\",\"maintenanceCategory\":\"\",\"gasScale\":\"\",\"smartGasSystem\":\"\",\"contractInfo\":\"\",\"followUpPersonId\":null,\"followUpPerson\":\"\"}]','127.0.0.1',0,'2026-05-25 12:27:05'),(922,1,'admin','超级管理员','QUERY','客户','查询客户列表','com.saas.framework.controller.CustomerController.page','/api/customer/page','[1,10,null,null,null,null,null,null,null,null]','127.0.0.1',0,'2026-05-25 12:27:05'),(923,1,'admin','超级管理员','QUERY','客户','查看客户详情','com.saas.framework.controller.CustomerController.detail','/api/customer/29','[29]','127.0.0.1',0,'2026-05-25 12:27:12'),(924,1,'admin','超级管理员','UPDATE','客户','修改客户','com.saas.framework.controller.CustomerController.update','/api/customer/29','[29,{\"name\":\"1\",\"address\":\"河北省/石家庄市/长安区\",\"detailAddress\":\"\",\"region\":\"130102\",\"contactPerson\":\"1\",\"contactPhone\":\"13\",\"businessCategory\":\"加气站类\",\"businessType\":\"CNG加气站\",\"cooperationCategory\":\"已合作\",\"cooperationStatus\":\"正常履约\",\"maintenanceCategory\":\"\",\"gasScale\":\"\",\"smartGasSystem\":\"\",\"contractInfo\":\"\",\"followUpPersonId\":null,\"followUpPerson\":\"\"}]','127.0.0.1',0,'2026-05-25 12:27:21'),(925,1,'admin','超级管理员','QUERY','客户','查询客户列表','com.saas.framework.controller.CustomerController.page','/api/customer/page','[1,10,null,null,null,null,null,null,null,null]','127.0.0.1',0,'2026-05-25 12:27:21'),(926,1,'admin','超级管理员','CREATE','跟进','新增跟进记录','com.saas.framework.controller.FollowUpController.createRecord','/api/follow-up/records','[{\"customerId\":29,\"followUpTime\":\"2026-05-25 12:27:28\",\"followUpPersonId\":null,\"followUpPerson\":null,\"followUpMethod\":1,\"followUpContent\":\"1\",\"nextPlan\":\"\",\"followUpStatus\":3}]','127.0.0.1',0,'2026-05-25 12:27:35'),(927,1,'admin','超级管理员','QUERY','客户','查询客户列表','com.saas.framework.controller.CustomerController.page','/api/customer/page','[1,10,null,null,null,null,null,null,null,null]','127.0.0.1',0,'2026-05-25 12:27:44'),(928,1,'admin','超级管理员','QUERY','客户','查询客户列表','com.saas.framework.controller.CustomerController.page','/api/customer/page','[1,1000,null,null,null,null,null,null,null,null]','127.0.0.1',0,'2026-05-25 12:27:54'),(929,1,'admin','超级管理员','CREATE','合同','新增合同','com.saas.framework.controller.ContractController.create','/api/contract','[{\"contractNo\":\"13\",\"customerId\":30,\"customerName\":\"13\",\"signDate\":\"2026-05-25\",\"expireDate\":\"2026-05-31\",\"contractAmount\":null,\"serviceContent\":\"\",\"paymentMethod\":\"\",\"personInChargeId\":null,\"personInCharge\":\"\",\"remark\":\"\",\"contractStatus\":\"已生效\"}]','127.0.0.1',0,'2026-05-25 12:28:06'),(930,1,'admin','超级管理员','UPDATE','合同','修改合同','com.saas.framework.controller.ContractController.update','/api/contract/24','[24,{\"contractNo\":null,\"customerId\":null,\"customerName\":null,\"signDate\":null,\"expireDate\":\"2026-05-31\",\"contractAmount\":null,\"serviceContent\":null,\"paymentMethod\":null,\"personInChargeId\":null,\"personInCharge\":null,\"remark\":null,\"contractStatus\":\"已生效\"}]','127.0.0.1',0,'2026-05-25 12:28:19'),(931,1,'admin','超级管理员','CREATE','合同','上传合同附件','com.saas.framework.controller.ContractController.uploadAttachment','/api/contract/24/attachment','[]','127.0.0.1',0,'2026-05-25 12:28:20'),(932,1,'admin','超级管理员','QUERY','客户','查询客户列表','com.saas.framework.controller.CustomerController.page','/api/customer/page','[1,10,null,null,null,null,null,null,null,null]','127.0.0.1',0,'2026-05-25 12:28:31'),(933,1,'admin','超级管理员','QUERY','客户','查看客户详情','com.saas.framework.controller.CustomerController.detail','/api/customer/30','[30]','127.0.0.1',0,'2026-05-25 12:28:32'),(934,1,'admin','超级管理员','QUERY','客户','查询客户修改记录','com.saas.framework.controller.CustomerController.listModifyLogs','/api/customer/30/modify-logs','[30]','127.0.0.1',0,'2026-05-25 12:28:36'),(935,1,'admin','超级管理员','QUERY','客户','查看客户详情','com.saas.framework.controller.CustomerController.detail','/api/customer/30','[30]','127.0.0.1',0,'2026-05-25 12:28:36'),(936,1,'admin','超级管理员','QUERY','客户','查询客户附件列表','com.saas.framework.controller.CustomerController.listAttachments','/api/customer/30/attachments','[30]','127.0.0.1',0,'2026-05-25 12:28:36'),(937,1,'admin','超级管理员','CREATE','客户','上传客户附件','com.saas.framework.controller.CustomerController.uploadAttachment','/api/customer/30/attachment','[]','127.0.0.1',0,'2026-05-25 12:28:39'),(938,1,'admin','超级管理员','QUERY','客户','查询客户附件列表','com.saas.framework.controller.CustomerController.listAttachments','/api/customer/30/attachments','[30]','127.0.0.1',0,'2026-05-25 12:28:39'),(939,1,'admin','超级管理员','QUERY','客户','查询客户列表','com.saas.framework.controller.CustomerController.page','/api/customer/page','[1,1000,null,null,null,null,null,null,null,null]','127.0.0.1',0,'2026-05-25 12:28:47'),(940,1,'admin','超级管理员','CREATE','报修','新增报修单','com.saas.framework.controller.RepairController.create','/api/repair','[{\"customerId\":30,\"customerName\":\"13\",\"contactPerson\":\"2\",\"contactPhone\":\"13\",\"repairContent\":\"123\",\"repairType\":\"智慧燃气系统故障\",\"repairTime\":\"2026-05-25 12:28:54\",\"repairAddress\":\"辽宁省/沈阳市/沈河区\",\"urgency\":\"普通\",\"faultDescription\":\"\"}]','127.0.0.1',0,'2026-05-25 12:28:57'),(941,1,'admin','超级管理员','UPDATE','报修','分配报修单','com.saas.framework.controller.RepairController.assign','/api/repair/13/assign','[13,{\"assigneeId\":4,\"assigneeName\":\"ycz\"}]','127.0.0.1',0,'2026-05-25 12:29:03'),(942,1,'admin','超级管理员','QUERY','客户','查询客户列表','com.saas.framework.controller.CustomerController.page','/api/customer/page','[1,10,null,null,null,null,null,null,null,null]','127.0.0.1',0,'2026-05-25 12:29:07'),(943,1,'admin','超级管理员','QUERY','客户','查询客户列表','com.saas.framework.controller.CustomerController.page','/api/customer/page','[1,1000,null,null,null,null,null,null,null,null]','127.0.0.1',0,'2026-05-25 12:29:08'),(944,5,'111','ycz','QUERY','客户','查询客户列表','com.saas.framework.controller.CustomerController.page','/api/customer/page','[1,10,null,null,null,null,null,null,null,null]','127.0.0.1',2,'2026-05-25 12:29:18'),(945,5,'111','ycz','QUERY','客户','查询客户列表','com.saas.framework.controller.CustomerController.page','/api/customer/page','[1,1000,null,null,null,null,null,null,null,null]','127.0.0.1',2,'2026-05-25 12:29:20'),(946,5,'111','ycz','QUERY','客户','查询客户列表','com.saas.framework.controller.CustomerController.page','/api/customer/page','[1,10,null,null,null,null,null,null,null,null]','127.0.0.1',2,'2026-05-25 12:29:21'),(947,5,'111','ycz','QUERY','客户','查询客户列表','com.saas.framework.controller.CustomerController.page','/api/customer/page','[1,10,null,null,null,null,null,null,null,null]','127.0.0.1',2,'2026-05-25 12:29:22'),(948,5,'111','ycz','QUERY','客户','查询客户列表','com.saas.framework.controller.CustomerController.page','/api/customer/page','[1,1000,null,null,null,null,null,null,null,null]','127.0.0.1',2,'2026-05-25 12:29:46'),(949,5,'111','ycz','QUERY','客户','查询客户列表','com.saas.framework.controller.CustomerController.page','/api/customer/page','[1,10,null,null,null,null,null,null,null,null]','127.0.0.1',2,'2026-05-25 12:29:56'),(950,5,'111','ycz','QUERY','客户','查询客户列表','com.saas.framework.controller.CustomerController.page','/api/customer/page','[1,10,null,null,null,null,null,null,null,null]','127.0.0.1',2,'2026-05-25 12:30:00'),(951,5,'111','ycz','QUERY','客户','查询客户列表','com.saas.framework.controller.CustomerController.page','/api/customer/page','[1,10,null,null,null,null,null,null,null,null]','127.0.0.1',2,'2026-05-25 12:30:10'),(952,5,'111','ycz','QUERY','客户','查询客户列表','com.saas.framework.controller.CustomerController.page','/api/customer/page','[1,1000,null,null,null,null,null,null,null,null]','127.0.0.1',2,'2026-05-25 12:30:37'),(953,5,'111','ycz','QUERY','客户','查询客户列表','com.saas.framework.controller.CustomerController.page','/api/customer/page','[1,10,null,null,null,null,null,null,null,null]','127.0.0.1',2,'2026-05-25 12:30:44'),(954,5,'111','ycz','QUERY','客户','查询客户列表','com.saas.framework.controller.CustomerController.page','/api/customer/page','[1,1000,null,null,null,null,null,null,null,null]','127.0.0.1',2,'2026-05-25 12:30:45'),(955,5,'111','ycz','QUERY','客户','查询客户列表','com.saas.framework.controller.CustomerController.page','/api/customer/page','[1,10,null,null,null,null,null,null,null,null]','127.0.0.1',2,'2026-05-25 12:30:48'),(956,5,'111','ycz','QUERY','客户','查询客户列表','com.saas.framework.controller.CustomerController.page','/api/customer/page','[1,1000,null,null,null,null,null,null,null,null]','127.0.0.1',2,'2026-05-25 12:30:49'),(957,5,'111','ycz','QUERY','客户','查询客户列表','com.saas.framework.controller.CustomerController.page','/api/customer/page','[1,10,null,null,null,null,null,null,null,null]','127.0.0.1',2,'2026-05-25 12:30:49'),(958,5,'111','ycz','QUERY','客户','查询客户列表','com.saas.framework.controller.CustomerController.page','/api/customer/page','[1,10,null,null,null,null,null,null,null,null]','127.0.0.1',2,'2026-05-25 12:32:18'),(959,5,'111','ycz','QUERY','客户','查询客户列表','com.saas.framework.controller.CustomerController.page','/api/customer/page','[1,10,null,null,null,null,null,null,null,null]','127.0.0.1',2,'2026-05-25 12:32:53'),(960,1,'admin','超级管理员','QUERY','客户','查询客户列表','com.saas.framework.controller.CustomerController.page','/api/customer/page','[1,10,null,null,null,null,null,null,null,null]','127.0.0.1',0,'2026-05-25 12:33:28'),(961,1,'admin','超级管理员','QUERY','客户','查询客户列表','com.saas.framework.controller.CustomerController.page','/api/customer/page','[1,10,null,null,null,null,null,null,null,null]','127.0.0.1',0,'2026-05-25 12:33:31'),(962,1,'admin','超级管理员','QUERY','客户','查询客户列表','com.saas.framework.controller.CustomerController.page','/api/customer/page','[1,10,null,null,null,null,null,null,null,null]','127.0.0.1',0,'2026-05-25 12:33:52'),(963,1,'admin','超级管理员','QUERY','客户','查询客户列表','com.saas.framework.controller.CustomerController.page','/api/customer/page','[1,10,null,null,null,null,null,null,null,null]','127.0.0.1',0,'2026-05-25 12:34:12'),(964,1,'admin','超级管理员','QUERY','客户','查询客户列表','com.saas.framework.controller.CustomerController.page','/api/customer/page','[1,1000,null,null,null,null,null,null,null,null]','127.0.0.1',0,'2026-05-25 12:34:20'),(965,1,'admin','超级管理员','QUERY','客户','查询客户列表','com.saas.framework.controller.CustomerController.page','/api/customer/page','[1,10,null,null,null,null,null,null,null,null]','127.0.0.1',0,'2026-05-25 12:34:21'),(966,3,'admin1','1管理员','QUERY','客户','查询客户列表','com.saas.framework.controller.CustomerController.page','/api/customer/page','[1,10,null,null,null,null,null,null,null,null]','127.0.0.1',2,'2026-05-25 12:34:28'),(967,3,'admin1','1管理员','QUERY','客户','查询客户列表','com.saas.framework.controller.CustomerController.page','/api/customer/page','[1,1000,null,null,null,null,null,null,null,null]','127.0.0.1',2,'2026-05-25 12:34:30'),(968,3,'admin1','1管理员','QUERY','客户','查询客户列表','com.saas.framework.controller.CustomerController.page','/api/customer/page','[1,1000,null,null,null,null,null,null,null,null]','127.0.0.1',2,'2026-05-25 12:34:31'),(969,3,'admin1','1管理员','QUERY','客户','查询客户列表','com.saas.framework.controller.CustomerController.page','/api/customer/page','[1,10,null,null,null,null,null,null,null,null]','127.0.0.1',2,'2026-05-25 12:34:37'),(970,3,'admin1','1管理员','CREATE','客户','新增客户','com.saas.framework.controller.CustomerController.create','/api/customer','[{\"name\":\"13\",\"address\":\"河北省/石家庄市/长安区\",\"detailAddress\":\"\",\"region\":\"130102\",\"contactPerson\":\"2\",\"contactPhone\":\"13\",\"businessCategory\":\"加气站类\",\"businessType\":\"CNG加气站\",\"cooperationCategory\":\"\",\"cooperationStatus\":\"\",\"maintenanceCategory\":\"\",\"gasScale\":\"\",\"smartGasSystem\":\"\",\"contractInfo\":\"\",\"followUpPersonId\":null,\"followUpPerson\":\"\"}]','127.0.0.1',2,'2026-05-25 12:34:51'),(971,3,'admin1','1管理员','QUERY','客户','查询客户列表','com.saas.framework.controller.CustomerController.page','/api/customer/page','[1,10,null,null,null,null,null,null,null,null]','127.0.0.1',2,'2026-05-25 12:34:51'),(972,3,'admin1','1管理员','QUERY','客户','查询客户列表','com.saas.framework.controller.CustomerController.page','/api/customer/page','[1,1000,null,null,null,null,null,null,null,null]','127.0.0.1',2,'2026-05-25 12:34:53'),(973,3,'admin1','1管理员','QUERY','客户','查询客户列表','com.saas.framework.controller.CustomerController.page','/api/customer/page','[1,10,null,null,null,null,null,null,null,null]','127.0.0.1',2,'2026-05-25 12:34:54'),(974,3,'admin1','1管理员','QUERY','客户','查询客户列表','com.saas.framework.controller.CustomerController.page','/api/customer/page','[1,10,null,null,null,null,null,null,null,null]','127.0.0.1',2,'2026-05-25 12:34:59'),(975,3,'admin1','1管理员','DELETE','客户','删除客户','com.saas.framework.controller.CustomerController.delete','/api/customer/31','[31]','127.0.0.1',2,'2026-05-25 12:35:00'),(976,3,'admin1','1管理员','QUERY','客户','查询客户列表','com.saas.framework.controller.CustomerController.page','/api/customer/page','[1,10,null,null,null,null,null,null,null,null]','127.0.0.1',2,'2026-05-25 12:35:00'),(977,3,'admin1','1管理员','QUERY','客户','查询客户列表','com.saas.framework.controller.CustomerController.page','/api/customer/page','[1,10,null,null,null,null,null,null,null,null]','127.0.0.1',2,'2026-05-25 12:37:47'),(978,3,'admin1','1管理员','CREATE','客户','新增客户','com.saas.framework.controller.CustomerController.create','/api/customer','[{\"name\":\"13\",\"address\":\"河北省/石家庄市/新华区\",\"detailAddress\":\"\",\"region\":\"130105\",\"contactPerson\":\"2\",\"contactPhone\":\"13\",\"businessCategory\":\"加气站类\",\"businessType\":\"CNG加气站\",\"cooperationCategory\":\"\",\"cooperationStatus\":\"\",\"maintenanceCategory\":\"\",\"gasScale\":\"\",\"smartGasSystem\":\"\",\"contractInfo\":\"\",\"followUpPersonId\":null,\"followUpPerson\":\"\"}]','127.0.0.1',2,'2026-05-25 12:37:59'),(979,3,'admin1','1管理员','QUERY','客户','查询客户列表','com.saas.framework.controller.CustomerController.page','/api/customer/page','[1,10,null,null,null,null,null,null,null,null]','127.0.0.1',2,'2026-05-25 12:37:59'),(980,3,'admin1','1管理员','QUERY','客户','查询客户列表','com.saas.framework.controller.CustomerController.page','/api/customer/page','[1,10,null,null,null,null,null,null,null,null]','127.0.0.1',2,'2026-05-25 12:38:14'),(981,3,'admin1','1管理员','DELETE','客户','删除客户','com.saas.framework.controller.CustomerController.delete','/api/customer/32','[32]','127.0.0.1',2,'2026-05-25 12:38:16'),(982,3,'admin1','1管理员','QUERY','客户','查询客户列表','com.saas.framework.controller.CustomerController.page','/api/customer/page','[1,10,null,null,null,null,null,null,null,null]','127.0.0.1',2,'2026-05-25 12:38:17'),(983,3,'admin1','1管理员','QUERY','客户','查询客户列表','com.saas.framework.controller.CustomerController.page','/api/customer/page','[1,1000,null,null,null,null,null,null,null,null]','127.0.0.1',2,'2026-05-25 12:38:20'),(984,3,'admin1','1管理员','QUERY','客户','查询客户列表','com.saas.framework.controller.CustomerController.page','/api/customer/page','[1,10,null,null,null,null,null,null,null,null]','127.0.0.1',2,'2026-05-25 12:41:19'),(985,3,'admin1','1管理员','CREATE','客户','新增客户','com.saas.framework.controller.CustomerController.create','/api/customer','[{\"name\":\"1323\",\"address\":\"河北省/石家庄市/长安区\",\"detailAddress\":\"\",\"region\":\"130102\",\"contactPerson\":\"1\",\"contactPhone\":\"13\",\"businessCategory\":\"加气站类\",\"businessType\":\"LPG加气站\",\"cooperationCategory\":\"\",\"cooperationStatus\":\"\",\"maintenanceCategory\":\"\",\"gasScale\":\"\",\"smartGasSystem\":\"\",\"contractInfo\":\"\",\"followUpPersonId\":null,\"followUpPerson\":\"\"}]','127.0.0.1',2,'2026-05-25 12:41:32'),(986,3,'admin1','1管理员','QUERY','客户','查询客户列表','com.saas.framework.controller.CustomerController.page','/api/customer/page','[1,10,null,null,null,null,null,null,null,null]','127.0.0.1',2,'2026-05-25 12:41:32'),(987,3,'admin1','1管理员','QUERY','客户','查询客户列表','com.saas.framework.controller.CustomerController.page','/api/customer/page','[1,10,null,null,null,null,null,null,null,null]','127.0.0.1',2,'2026-05-25 12:41:37'),(988,3,'admin1','1管理员','DELETE','客户','删除客户','com.saas.framework.controller.CustomerController.delete','/api/customer/33','[33]','127.0.0.1',2,'2026-05-25 12:41:38'),(989,3,'admin1','1管理员','QUERY','客户','查询客户列表','com.saas.framework.controller.CustomerController.page','/api/customer/page','[1,10,null,null,null,null,null,null,null,null]','127.0.0.1',2,'2026-05-25 12:41:39'),(990,3,'admin1','1管理员','QUERY','客户','查询客户列表','com.saas.framework.controller.CustomerController.page','/api/customer/page','[1,1000,null,null,null,null,null,null,null,null]','127.0.0.1',2,'2026-05-25 13:24:04'),(991,3,'admin1','1管理员','QUERY','客户','查询客户列表','com.saas.framework.controller.CustomerController.page','/api/customer/page','[1,1000,null,null,null,null,null,null,null,null]','127.0.0.1',2,'2026-05-25 13:24:08'),(992,3,'admin1','1管理员','QUERY','客户','查询客户列表','com.saas.framework.controller.CustomerController.page','/api/customer/page','[1,10,null,null,null,null,null,null,null,null]','127.0.0.1',2,'2026-05-25 13:24:10'),(993,3,'admin1','1管理员','QUERY','客户','查询客户列表','com.saas.framework.controller.CustomerController.page','/api/customer/page','[1,10,null,null,null,null,null,null,null,null]','127.0.0.1',2,'2026-05-25 13:57:54'),(994,3,'admin1','1管理员','QUERY','客户','查询客户列表','com.saas.framework.controller.CustomerController.page','/api/customer/page','[1,1000,null,null,null,null,null,null,null,null]','127.0.0.1',2,'2026-05-25 13:57:57'),(995,1,'admin','超级管理员','QUERY','客户','查询客户列表','com.saas.framework.controller.CustomerController.page','/api/customer/page','[1,10,null,null,null,null,null,null,null,null]','127.0.0.1',0,'2026-05-25 13:58:03'),(996,1,'admin','超级管理员','CREATE','客户','新增客户','com.saas.framework.controller.CustomerController.create','/api/customer','[{\"name\":\"123\",\"address\":\"河北省/石家庄市/长安区\",\"detailAddress\":\"\",\"region\":\"130102\",\"contactPerson\":\"3\",\"contactPhone\":\"1\",\"businessCategory\":\"加气站类\",\"businessType\":\"CNG加气站\",\"cooperationCategory\":\"\",\"cooperationStatus\":\"\",\"maintenanceCategory\":\"\",\"gasScale\":\"\",\"smartGasSystem\":\"\",\"contractInfo\":\"\",\"followUpPersonId\":null,\"followUpPerson\":\"\"}]','127.0.0.1',0,'2026-05-25 13:58:20'),(997,1,'admin','超级管理员','QUERY','客户','查询客户列表','com.saas.framework.controller.CustomerController.page','/api/customer/page','[1,10,null,null,null,null,null,null,null,null]','127.0.0.1',0,'2026-05-25 13:58:20'),(998,1,'admin','超级管理员','DELETE','客户','删除客户','com.saas.framework.controller.CustomerController.delete','/api/customer/34','[34]','127.0.0.1',0,'2026-05-25 13:58:25'),(999,1,'admin','超级管理员','QUERY','客户','查询客户列表','com.saas.framework.controller.CustomerController.page','/api/customer/page','[1,10,null,null,null,null,null,null,null,null]','127.0.0.1',0,'2026-05-25 13:58:25'),(1000,1,'admin','超级管理员','QUERY','客户','查询客户列表','com.saas.framework.controller.CustomerController.page','/api/customer/page','[1,1000,null,null,null,null,null,null,null,null]','127.0.0.1',0,'2026-05-25 13:58:26'),(1001,1,'admin','超级管理员','CREATE','合同','新增合同','com.saas.framework.controller.ContractController.create','/api/contract','[]','127.0.0.1',0,'2026-05-25 13:58:36'),(1002,1,'admin','超级管理员','DELETE','合同','删除合同','com.saas.framework.controller.ContractController.delete','/api/contract/25','[25]','127.0.0.1',0,'2026-05-25 13:58:39'),(1003,1,'admin','超级管理员','QUERY','客户','查询客户列表','com.saas.framework.controller.CustomerController.page','/api/customer/page','[1,1000,null,null,null,null,null,null,null,null]','127.0.0.1',0,'2026-05-25 13:58:40'),(1004,1,'admin','超级管理员','DELETE','报修','删除报修单','com.saas.framework.controller.RepairController.delete','/api/repair/13','[13]','127.0.0.1',0,'2026-05-25 13:58:43'),(1005,1,'admin','超级管理员','CREATE','报修','新增报修单','com.saas.framework.controller.RepairController.create','/api/repair','[{\"customerId\":30,\"customerName\":\"13\",\"contactPerson\":\"2\",\"contactPhone\":\"13\",\"repairContent\":\"123\",\"repairType\":\"\",\"repairTime\":null,\"repairAddress\":\"辽宁省/沈阳市/沈河区\",\"urgency\":\"普通\",\"faultDescription\":\"\"}]','127.0.0.1',0,'2026-05-25 13:58:49'),(1006,1,'admin','超级管理员','UPDATE','报修','分配报修单','com.saas.framework.controller.RepairController.assign','/api/repair/14/assign','[14,{\"assigneeId\":4,\"assigneeName\":\"ycz\"}]','127.0.0.1',0,'2026-05-25 13:58:56'),(1007,1,'admin','超级管理员','QUERY','客户','查询客户列表','com.saas.framework.controller.CustomerController.page','/api/customer/page','[1,10,null,null,null,null,null,null,null,null]','127.0.0.1',0,'2026-05-25 13:59:04'),(1008,1,'admin','超级管理员','CREATE','租户','创建租户','com.saas.framework.controller.TenantController.create','/api/tenant','[{\"name\":\"2\",\"code\":\"2\",\"adminUsername\":\"admin2\",\"adminPassword\":\"123456\"}]','127.0.0.1',0,'2026-05-25 14:10:46'),(1009,1,'admin','超级管理员','QUERY','客户','查询客户列表','com.saas.framework.controller.CustomerController.page','/api/customer/page','[1,10,null,null,null,null,null,null,null,null]','127.0.0.1',0,'2026-05-25 14:12:02'),(1010,1,'admin','超级管理员','DELETE','角色','删除角色（失败）','com.saas.framework.controller.RoleController.delete','/api/role/19','[19]','127.0.0.1',0,'2026-05-25 14:12:16'),(1011,1,'admin','超级管理员','UPDATE','租户','修改租户状态','com.saas.framework.controller.TenantController.updateStatus','/api/tenant/3/status','[3,{\"status\":0}]','127.0.0.1',0,'2026-05-25 14:12:21'),(1012,1,'admin','超级管理员','DELETE','角色','删除角色（失败）','com.saas.framework.controller.RoleController.delete','/api/role/19','[19]','127.0.0.1',0,'2026-05-25 14:12:24'),(1013,1,'admin','超级管理员','DELETE','角色','删除角色（失败）','com.saas.framework.controller.RoleController.delete','/api/role/19','[19]','127.0.0.1',0,'2026-05-25 14:12:56'),(1014,1,'admin','超级管理员','QUERY','客户','查询客户列表','com.saas.framework.controller.CustomerController.page','/api/customer/page','[1,10,null,null,null,null,null,null,null,null]','127.0.0.1',0,'2026-05-25 14:38:24'),(1015,1,'admin','超级管理员','CREATE','客户','新增客户','com.saas.framework.controller.CustomerController.create','/api/customer','[{\"name\":\"12\",\"address\":\"北京市/市辖区/西城区\",\"detailAddress\":\"\",\"region\":\"110102\",\"contactPerson\":\"3\",\"contactPhone\":\"2\",\"businessCategory\":\"加气站类\",\"businessType\":\"CNG加气站\",\"cooperationCategory\":\"已合作\",\"cooperationStatus\":\"正常履约\",\"maintenanceCategory\":\"\",\"gasScale\":\"\",\"smartGasSystem\":\"\",\"contractInfo\":\"\",\"followUpPersonId\":null,\"followUpPerson\":\"\"}]','127.0.0.1',0,'2026-05-25 14:38:40'),(1016,1,'admin','超级管理员','QUERY','客户','查询客户列表','com.saas.framework.controller.CustomerController.page','/api/customer/page','[1,10,null,null,null,null,null,null,null,null]','127.0.0.1',0,'2026-05-25 14:38:40'),(1017,1,'admin','超级管理员','DELETE','客户','删除客户','com.saas.framework.controller.CustomerController.delete','/api/customer/35','[35]','127.0.0.1',0,'2026-05-25 14:38:44'),(1018,1,'admin','超级管理员','QUERY','客户','查询客户列表','com.saas.framework.controller.CustomerController.page','/api/customer/page','[1,10,null,null,null,null,null,null,null,null]','127.0.0.1',0,'2026-05-25 14:38:44'),(1019,1,'admin','超级管理员','QUERY','客户','查询客户列表','com.saas.framework.controller.CustomerController.page','/api/customer/page','[1,1000,null,null,null,null,null,null,null,null]','127.0.0.1',0,'2026-05-25 14:38:45'),(1020,1,'admin','超级管理员','CREATE','合同','新增合同（失败）','com.saas.framework.controller.ContractController.create','/api/contract','[]','127.0.0.1',0,'2026-05-25 14:38:57'),(1021,1,'admin','超级管理员','CREATE','合同','新增合同','com.saas.framework.controller.ContractController.create','/api/contract','[]','127.0.0.1',0,'2026-05-25 14:40:18'),(1022,1,'admin','超级管理员','DELETE','合同','删除合同','com.saas.framework.controller.ContractController.delete','/api/contract/27','[27]','127.0.0.1',0,'2026-05-25 14:40:20'),(1023,1,'admin','超级管理员','QUERY','客户','查询客户列表','com.saas.framework.controller.CustomerController.page','/api/customer/page','[1,1000,null,null,null,null,null,null,null,null]','127.0.0.1',0,'2026-05-25 14:40:45'),(1024,1,'admin','超级管理员','QUERY','客户','查询客户列表','com.saas.framework.controller.CustomerController.page','/api/customer/page','[1,10,null,null,null,null,null,null,null,null]','127.0.0.1',0,'2026-05-25 14:41:09'),(1025,1,'admin','超级管理员','QUERY','客户','查询客户列表','com.saas.framework.controller.CustomerController.page','/api/customer/page','[1,1000,null,null,null,null,null,null,null,null]','127.0.0.1',0,'2026-05-25 14:41:10'),(1026,1,'admin','超级管理员','CREATE','合同','新增合同（失败）','com.saas.framework.controller.ContractController.create','/api/contract','[]','127.0.0.1',0,'2026-05-25 14:41:17'),(1027,1,'admin','超级管理员','CREATE','合同','新增合同（失败）','com.saas.framework.controller.ContractController.create','/api/contract','[]','127.0.0.1',0,'2026-05-25 14:42:46'),(1028,1,'admin','超级管理员','QUERY','客户','查询客户列表','com.saas.framework.controller.CustomerController.page','/api/customer/page','[1,1000,null,null,null,null,null,null,null,null]','127.0.0.1',0,'2026-05-25 14:42:53'),(1029,1,'admin','超级管理员','DELETE','报修','删除报修单','com.saas.framework.controller.RepairController.delete','/api/repair/14','[14]','127.0.0.1',0,'2026-05-25 14:42:56'),(1030,1,'admin','超级管理员','CREATE','报修','新增报修单','com.saas.framework.controller.RepairController.create','/api/repair','[]','127.0.0.1',0,'2026-05-25 14:43:03'),(1031,1,'admin','超级管理员','DELETE','报修','删除报修单','com.saas.framework.controller.RepairController.delete','/api/repair/15','[15]','127.0.0.1',0,'2026-05-25 14:43:06'),(1032,1,'admin','超级管理员','QUERY','客户','查询客户列表','com.saas.framework.controller.CustomerController.page','/api/customer/page','[1,1000,null,null,null,null,null,null,null,null]','127.0.0.1',0,'2026-05-25 14:43:08'),(1033,1,'admin','超级管理员','CREATE','报修','新增报修单','com.saas.framework.controller.RepairController.create','/api/repair','[]','127.0.0.1',0,'2026-05-25 14:43:23'),(1034,1,'admin','超级管理员','QUERY','客户','查询客户列表','com.saas.framework.controller.CustomerController.page','/api/customer/page','[1,1000,null,null,null,null,null,null,null,null]','127.0.0.1',0,'2026-05-25 14:43:25'),(1035,1,'admin','超级管理员','UPDATE','报修','分配报修单','com.saas.framework.controller.RepairController.assign','/api/repair/16/assign','[16,{\"assigneeId\":4,\"assigneeName\":\"ycz\"}]','127.0.0.1',0,'2026-05-25 14:43:31'),(1036,1,'admin','超级管理员','QUERY','客户','查询客户列表','com.saas.framework.controller.CustomerController.page','/api/customer/page','[1,10,null,null,null,null,null,null,null,null]','127.0.0.1',0,'2026-05-25 14:43:33'),(1037,1,'admin','超级管理员','QUERY','客户','查询客户列表','com.saas.framework.controller.CustomerController.page','/api/customer/page','[1,1000,null,null,null,null,null,null,null,null]','127.0.0.1',0,'2026-05-25 14:43:34'),(1038,1,'admin','超级管理员','QUERY','客户','查询客户列表','com.saas.framework.controller.CustomerController.page','/api/customer/page','[1,10,null,null,null,null,null,null,null,null]','127.0.0.1',0,'2026-05-25 14:43:41'),(1039,1,'admin','超级管理员','CREATE','跟进','新增跟进记录','com.saas.framework.controller.FollowUpController.createRecord','/api/follow-up/records','[]','127.0.0.1',0,'2026-05-25 14:45:37'),(1040,1,'admin','超级管理员','QUERY','客户','查询客户列表','com.saas.framework.controller.CustomerController.page','/api/customer/page','[1,10,null,null,null,null,null,null,null,null]','127.0.0.1',0,'2026-05-25 14:45:41'),(1041,3,'admin1','1管理员','QUERY','客户','查询客户列表','com.saas.framework.controller.CustomerController.page','/api/customer/page','[1,10,null,null,null,null,null,null,null,null]','127.0.0.1',2,'2026-05-25 14:45:51'),(1042,3,'admin1','1管理员','CREATE','客户','新增客户','com.saas.framework.controller.CustomerController.create','/api/customer','[{\"name\":\"213\",\"address\":\"河北省/石家庄市/长安区\",\"detailAddress\":\"\",\"region\":\"130102\",\"contactPerson\":\"123\",\"contactPhone\":\"2\",\"businessCategory\":\"加气站类\",\"businessType\":\"CNG加气站\",\"cooperationCategory\":\"\",\"cooperationStatus\":\"\",\"maintenanceCategory\":\"\",\"gasScale\":\"\",\"smartGasSystem\":\"\",\"contractInfo\":\"\",\"followUpPersonId\":null,\"followUpPerson\":\"\"}]','127.0.0.1',2,'2026-05-25 14:46:04'),(1043,3,'admin1','1管理员','QUERY','客户','查询客户列表','com.saas.framework.controller.CustomerController.page','/api/customer/page','[1,10,null,null,null,null,null,null,null,null]','127.0.0.1',2,'2026-05-25 14:46:04'),(1044,3,'admin1','1管理员','CREATE','跟进','新增跟进记录','com.saas.framework.controller.FollowUpController.createRecord','/api/follow-up/records','[]','127.0.0.1',2,'2026-05-25 14:46:14'),(1045,3,'admin1','1管理员','QUERY','客户','查询客户列表','com.saas.framework.controller.CustomerController.page','/api/customer/page','[1,1000,null,null,null,null,null,null,null,null]','127.0.0.1',2,'2026-05-25 14:46:16'),(1046,3,'admin1','1管理员','CREATE','合同','新增合同','com.saas.framework.controller.ContractController.create','/api/contract','[]','127.0.0.1',2,'2026-05-25 14:46:27'),(1047,3,'admin1','1管理员','QUERY','客户','查询客户列表','com.saas.framework.controller.CustomerController.page','/api/customer/page','[1,1000,null,null,null,null,null,null,null,null]','127.0.0.1',2,'2026-05-25 14:46:28'),(1048,3,'admin1','1管理员','CREATE','报修','新增报修单','com.saas.framework.controller.RepairController.create','/api/repair','[]','127.0.0.1',2,'2026-05-25 14:46:35'),(1049,3,'admin1','1管理员','UPDATE','报修','分配报修单','com.saas.framework.controller.RepairController.assign','/api/repair/17/assign','[17,{\"assigneeId\":4,\"assigneeName\":\"ycz\"}]','127.0.0.1',2,'2026-05-25 14:46:39'),(1050,3,'admin1','1管理员','QUERY','客户','查询客户列表','com.saas.framework.controller.CustomerController.page','/api/customer/page','[1,1000,null,null,null,null,null,null,null,null]','127.0.0.1',2,'2026-05-25 14:46:42'),(1051,5,'111','ycz','QUERY','客户','查询客户列表','com.saas.framework.controller.CustomerController.page','/api/customer/page','[1,1000,null,null,null,null,null,null,null,null]','127.0.0.1',2,'2026-05-25 14:47:12'),(1052,1,'admin','超级管理员','QUERY','客户','查询客户列表','com.saas.framework.controller.CustomerController.page','/api/customer/page','[1,10,null,null,null,null,null,null,null,null]','127.0.0.1',0,'2026-05-25 14:48:26'),(1053,1,'admin','超级管理员','QUERY','客户','查询客户列表','com.saas.framework.controller.CustomerController.page','/api/customer/page','[1,1000,null,null,null,null,null,null,null,null]','127.0.0.1',0,'2026-05-25 14:48:27'),(1054,1,'admin','超级管理员','QUERY','客户','查询客户列表','com.saas.framework.controller.CustomerController.page','/api/customer/page','[1,10,null,null,null,null,null,null,null,null]','127.0.0.1',0,'2026-05-25 14:48:28'),(1055,1,'admin','超级管理员','QUERY','客户','查看客户详情','com.saas.framework.controller.CustomerController.detail','/api/customer/36','[36]','127.0.0.1',0,'2026-05-25 14:48:30'),(1056,1,'admin','超级管理员','QUERY','客户','查看客户详情','com.saas.framework.controller.CustomerController.detail','/api/customer/36','[36]','127.0.0.1',0,'2026-05-25 14:48:33'),(1057,1,'admin','超级管理员','QUERY','客户','查看客户详情','com.saas.framework.controller.CustomerController.detail','/api/customer/36','[36]','127.0.0.1',0,'2026-05-25 14:48:34'),(1058,1,'admin','超级管理员','QUERY','客户','查询客户列表','com.saas.framework.controller.CustomerController.page','/api/customer/page','[1,10,null,null,null,null,null,null,null,null]','127.0.0.1',0,'2026-05-25 14:48:40'),(1059,1,'admin','超级管理员','QUERY','客户','查看客户详情','com.saas.framework.controller.CustomerController.detail','/api/customer/36','[36]','127.0.0.1',0,'2026-05-25 14:48:42'),(1060,1,'admin','超级管理员','QUERY','客户','查询客户附件列表','com.saas.framework.controller.CustomerController.listAttachments','/api/customer/36/attachments','[36]','127.0.0.1',0,'2026-05-25 14:48:44'),(1061,1,'admin','超级管理员','QUERY','客户','查询客户修改记录','com.saas.framework.controller.CustomerController.listModifyLogs','/api/customer/36/modify-logs','[36]','127.0.0.1',0,'2026-05-25 14:48:44'),(1062,1,'admin','超级管理员','QUERY','客户','查看客户详情','com.saas.framework.controller.CustomerController.detail','/api/customer/36','[36]','127.0.0.1',0,'2026-05-25 14:48:44'),(1063,1,'admin','超级管理员','QUERY','客户','查看客户详情','com.saas.framework.controller.CustomerController.detail','/api/customer/30','[30]','127.0.0.1',0,'2026-05-25 14:48:46'),(1064,1,'admin','超级管理员','QUERY','客户','查看客户详情','com.saas.framework.controller.CustomerController.detail','/api/customer/29','[29]','127.0.0.1',0,'2026-05-25 14:48:47'),(1065,1,'admin','超级管理员','QUERY','客户','查看客户详情','com.saas.framework.controller.CustomerController.detail','/api/customer/28','[28]','127.0.0.1',0,'2026-05-25 14:48:47'),(1066,1,'admin','超级管理员','QUERY','客户','查询客户列表','com.saas.framework.controller.CustomerController.page','/api/customer/page','[1,1000,null,null,null,null,null,null,null,null]','127.0.0.1',0,'2026-05-25 14:49:36'),(1067,1,'admin','超级管理员','DELETE','合同','删除合同附件','com.saas.framework.controller.ContractController.deleteAttachment','/api/contract/attachment/10','[10]','127.0.0.1',0,'2026-05-25 14:49:45'),(1068,1,'admin','超级管理员','UPDATE','合同','修改合同','com.saas.framework.controller.ContractController.update','/api/contract/17','[]','127.0.0.1',0,'2026-05-25 14:49:48'),(1069,1,'admin','超级管理员','CREATE','合同','上传合同附件','com.saas.framework.controller.ContractController.uploadAttachment','/api/contract/17/attachment','[]','127.0.0.1',0,'2026-05-25 14:49:48'),(1070,1,'admin','超级管理员','QUERY','客户','查询客户列表','com.saas.framework.controller.CustomerController.page','/api/customer/page','[1,1000,null,null,null,null,null,null,null,null]','127.0.0.1',0,'2026-05-25 14:49:49'),(1071,1,'admin','超级管理员','QUERY','客户','查询客户列表','com.saas.framework.controller.CustomerController.page','/api/customer/page','[1,10,null,null,null,null,null,null,null,null]','127.0.0.1',0,'2026-05-25 14:50:10'),(1072,1,'admin','超级管理员','QUERY','客户','查看客户详情','com.saas.framework.controller.CustomerController.detail','/api/customer/36','[36]','127.0.0.1',0,'2026-05-25 14:50:11'),(1073,1,'admin','超级管理员','QUERY','客户','查询客户列表','com.saas.framework.controller.CustomerController.page','/api/customer/page','[1,10,null,null,null,null,null,null,null,null]','127.0.0.1',0,'2026-05-25 14:50:59'),(1074,1,'admin','超级管理员','QUERY','客户','查询客户列表','com.saas.framework.controller.CustomerController.page','/api/customer/page','[1,10,null,null,null,null,null,null,null,null]','127.0.0.1',0,'2026-05-25 14:51:26'),(1075,1,'admin','超级管理员','QUERY','客户','查看客户详情','com.saas.framework.controller.CustomerController.detail','/api/customer/36','[36]','127.0.0.1',0,'2026-05-25 14:51:30'),(1076,1,'admin','超级管理员','QUERY','客户','查询客户列表','com.saas.framework.controller.CustomerController.page','/api/customer/page','[1,10,null,null,null,null,null,null,null,null]','127.0.0.1',0,'2026-05-25 14:53:37'),(1077,1,'admin','超级管理员','QUERY','客户','查看客户详情','com.saas.framework.controller.CustomerController.detail','/api/customer/36','[36]','127.0.0.1',0,'2026-05-25 14:53:40'),(1078,1,'admin','超级管理员','QUERY','客户','查询客户修改记录','com.saas.framework.controller.CustomerController.listModifyLogs','/api/customer/36/modify-logs','[36]','127.0.0.1',0,'2026-05-25 14:53:40'),(1079,1,'admin','超级管理员','QUERY','客户','查询客户附件列表','com.saas.framework.controller.CustomerController.listAttachments','/api/customer/36/attachments','[36]','127.0.0.1',0,'2026-05-25 14:53:40'),(1080,1,'admin','超级管理员','QUERY','客户','查询客户列表','com.saas.framework.controller.CustomerController.page','/api/customer/page','[1,1000,null,null,null,null,null,null,null,null]','127.0.0.1',0,'2026-05-25 14:57:06'),(1081,1,'admin','超级管理员','UPDATE','报修','标记报修异常','com.saas.framework.controller.RepairController.markException','/api/repair/17/exception','[17,{\"exceptionReason\":\"laji\",\"secondPlan\":\"\",\"secondRemindTime\":null}]','127.0.0.1',0,'2026-05-25 14:57:29'),(1082,1,'admin','超级管理员','DELETE','报修','删除报修单','com.saas.framework.controller.RepairController.delete','/api/repair/17','[17]','127.0.0.1',0,'2026-05-25 14:58:02'),(1083,8,'admin','2管理员','QUERY','客户','查询客户列表','com.saas.framework.controller.CustomerController.page','/api/customer/page','[1,1000,null,null,null,null,null,null,null,null]','127.0.0.1',0,'2026-05-26 08:50:16'),(1084,8,'admin','2管理员','CREATE','合同','新增合同','com.saas.framework.controller.ContractController.create','/api/contract','[]','127.0.0.1',0,'2026-05-26 08:50:37'),(1085,8,'admin','2管理员','DELETE','合同','删除合同','com.saas.framework.controller.ContractController.delete','/api/contract/17','[17]','127.0.0.1',0,'2026-05-26 08:50:43'),(1086,8,'admin','2管理员','QUERY','客户','查询客户列表','com.saas.framework.controller.CustomerController.page','/api/customer/page','[1,1000,null,null,null,null,null,null,null,null]','127.0.0.1',0,'2026-05-26 08:52:43'),(1087,8,'admin','2管理员','QUERY','客户','查询客户列表','com.saas.framework.controller.CustomerController.page','/api/customer/page','[1,1000,null,null,null,null,null,null,null,null]','127.0.0.1',0,'2026-05-26 08:53:21'),(1088,1,'admin','超级管理员','QUERY','客户','查询客户列表','com.saas.framework.controller.CustomerController.page','/api/customer/page','[1,10,null,null,null,null,null,null,null,null]','127.0.0.1',0,'2026-05-26 11:02:22'),(1089,1,'admin','超级管理员','QUERY','客户','查询客户列表','com.saas.framework.controller.CustomerController.page','/api/customer/page','[1,1000,null,null,null,null,null,null,null,null]','127.0.0.1',0,'2026-05-26 11:02:26'),(1090,1,'admin','超级管理员','QUERY','客户','查询客户列表','com.saas.framework.controller.CustomerController.page','/api/customer/page','[1,10,null,null,null,null,null,null,null,null]','127.0.0.1',0,'2026-05-26 11:02:51'),(1091,1,'admin','超级管理员','CREATE','客户','新增客户','com.saas.framework.controller.CustomerController.create','/api/customer','[{\"name\":\"1\",\"address\":\"河北省/石家庄市/长安区\",\"detailAddress\":\"\",\"region\":\"130102\",\"contactPerson\":\"123\",\"contactPhone\":\"2\",\"businessCategory\":\"加气站类\",\"businessType\":\"CNG加气站\",\"cooperationCategory\":\"已合作\",\"cooperationStatus\":\"正常履约\",\"maintenanceCategory\":\"\",\"gasScale\":\"\",\"smartGasSystem\":\"\",\"contractInfo\":\"\",\"followUpPersonId\":null,\"followUpPerson\":\"\"}]','127.0.0.1',0,'2026-05-26 11:03:37'),(1092,1,'admin','超级管理员','QUERY','客户','查询客户列表','com.saas.framework.controller.CustomerController.page','/api/customer/page','[1,10,null,null,null,null,null,null,null,null]','127.0.0.1',0,'2026-05-26 11:03:38'),(1093,1,'admin','超级管理员','QUERY','客户','查询客户列表','com.saas.framework.controller.CustomerController.page','/api/customer/page','[1,1000,null,null,null,null,null,null,null,null]','127.0.0.1',0,'2026-05-26 11:03:54'),(1094,1,'admin','超级管理员','QUERY','客户','查询客户列表','com.saas.framework.controller.CustomerController.page','/api/customer/page','[1,10,null,null,null,null,null,null,null,null]','127.0.0.1',0,'2026-05-26 11:04:04'),(1095,1,'admin','超级管理员','QUERY','客户','查询客户列表','com.saas.framework.controller.CustomerController.page','/api/customer/page','[1,1000,null,null,null,null,null,null,null,null]','127.0.0.1',0,'2026-05-26 11:04:10'),(1096,1,'admin','超级管理员','CREATE','合同','新增合同','com.saas.framework.controller.ContractController.create','/api/contract','[]','127.0.0.1',0,'2026-05-26 11:04:26'),(1097,1,'admin','超级管理员','QUERY','客户','查询客户列表','com.saas.framework.controller.CustomerController.page','/api/customer/page','[1,1000,null,null,null,null,null,null,null,null]','127.0.0.1',0,'2026-05-26 11:04:37'),(1098,1,'admin','超级管理员','QUERY','客户','查询客户列表','com.saas.framework.controller.CustomerController.page','/api/customer/page','[1,10,null,null,null,null,null,null,null,null]','127.0.0.1',0,'2026-05-26 11:04:46'),(1099,1,'admin','超级管理员','CREATE','跟进','新增跟进记录','com.saas.framework.controller.FollowUpController.createRecord','/api/follow-up/records','[]','127.0.0.1',0,'2026-05-26 11:05:15'),(1100,1,'admin','超级管理员','QUERY','客户','查询客户列表','com.saas.framework.controller.CustomerController.page','/api/customer/page','[1,10,null,null,null,null,null,null,null,null]','127.0.0.1',0,'2026-05-26 11:05:19'),(1101,1,'admin','超级管理员','CREATE','跟进','新增跟进记录','com.saas.framework.controller.FollowUpController.createRecord','/api/follow-up/records','[]','127.0.0.1',0,'2026-05-26 11:06:01'),(1102,1,'admin','超级管理员','QUERY','客户','查询客户列表','com.saas.framework.controller.CustomerController.page','/api/customer/page','[1,10,null,null,null,null,null,null,null,null]','127.0.0.1',0,'2026-05-26 11:06:11');
/*!40000 ALTER TABLE `sys_operation_log` ENABLE KEYS */;
UNLOCK TABLES;

--
-- Table structure for table `sys_permission`
--

DROP TABLE IF EXISTS `sys_permission`;
/*!40101 SET @saved_cs_client     = @@character_set_client */;
/*!50503 SET character_set_client = utf8mb4 */;
CREATE TABLE `sys_permission` (
  `id` bigint NOT NULL AUTO_INCREMENT COMMENT '主键ID',
  `name` varchar(50) NOT NULL COMMENT '权限名称',
  `code` varchar(100) NOT NULL COMMENT '权限编码，如 student:list',
  `type` varchar(20) NOT NULL DEFAULT 'menu' COMMENT '权限类型: menu-菜单, button-按钮',
  `parent_id` bigint DEFAULT '0' COMMENT '父权限ID，0为根节点',
  `sort` int DEFAULT '0' COMMENT '排序号',
  `create_time` datetime DEFAULT CURRENT_TIMESTAMP COMMENT '创建时间',
  `update_time` datetime DEFAULT CURRENT_TIMESTAMP ON UPDATE CURRENT_TIMESTAMP COMMENT '更新时间',
  PRIMARY KEY (`id`),
  KEY `idx_parent_id` (`parent_id`),
  KEY `idx_code` (`code`)
) ENGINE=InnoDB AUTO_INCREMENT=132 DEFAULT CHARSET=utf8mb4 COLLATE=utf8mb4_0900_ai_ci COMMENT='系统权限表';
/*!40101 SET character_set_client = @saved_cs_client */;

--
-- Dumping data for table `sys_permission`
--

LOCK TABLES `sys_permission` WRITE;
/*!40000 ALTER TABLE `sys_permission` DISABLE KEYS */;
INSERT INTO `sys_permission` VALUES (1,'系统管理','system','menu',0,1,'2026-05-12 13:54:40','2026-05-12 13:54:40'),(2,'租户管理','tenant','menu',1,1,'2026-05-12 13:54:40','2026-05-12 13:54:40'),(3,'角色管理','role','menu',1,2,'2026-05-12 13:54:40','2026-05-12 13:54:40'),(4,'员工管理','user','menu',1,3,'2026-05-12 13:54:40','2026-05-12 13:54:40'),(5,'业务管理','business','menu',0,2,'2026-05-12 13:54:40','2026-05-12 13:54:40'),(7,'客户管理','customer','menu',5,2,'2026-05-12 13:54:40','2026-05-12 13:54:40'),(8,'合同管理','contract','menu',5,3,'2026-05-15 09:01:55','2026-05-15 09:01:55'),(11,'租户列表','tenant:list','button',2,1,'2026-05-12 13:54:40','2026-05-12 13:54:40'),(12,'创建租户','tenant:add','button',2,2,'2026-05-12 13:54:40','2026-05-12 13:54:40'),(13,'编辑租户','tenant:edit','button',2,3,'2026-05-12 13:54:40','2026-05-12 13:54:40'),(14,'删除租户','tenant:delete','button',2,4,'2026-05-12 13:54:40','2026-05-12 13:54:40'),(21,'角色列表','role:list','button',3,1,'2026-05-12 13:54:40','2026-05-12 13:54:40'),(22,'创建角色','role:add','button',3,2,'2026-05-12 13:54:40','2026-05-12 13:54:40'),(23,'编辑角色','role:edit','button',3,3,'2026-05-12 13:54:40','2026-05-12 13:54:40'),(24,'删除角色','role:delete','button',3,4,'2026-05-12 13:54:40','2026-05-12 13:54:40'),(31,'员工列表','user:list','button',4,1,'2026-05-12 13:54:40','2026-05-12 13:54:40'),(32,'创建员工','user:add','button',4,2,'2026-05-12 13:54:40','2026-05-12 13:54:40'),(33,'编辑员工','user:edit','button',4,3,'2026-05-12 13:54:40','2026-05-12 13:54:40'),(34,'删除员工','user:delete','button',4,4,'2026-05-12 13:54:40','2026-05-12 13:54:40'),(51,'客户列表','customer:list','button',7,1,'2026-05-12 13:54:40','2026-05-12 13:54:40'),(52,'新增客户','customer:add','button',7,2,'2026-05-12 13:54:40','2026-05-12 13:54:40'),(53,'编辑客户','customer:edit','button',7,3,'2026-05-12 13:54:40','2026-05-12 13:54:40'),(54,'删除客户','customer:delete','button',7,4,'2026-05-12 13:54:40','2026-05-12 13:54:40'),(55,'标记无效','customer:invalid','button',7,5,'2026-05-12 13:54:40','2026-05-12 13:54:40'),(56,'导入客户','customer:import','button',7,6,'2026-05-12 13:54:40','2026-05-12 13:54:40'),(57,'导出客户','customer:export','button',7,7,'2026-05-12 13:54:40','2026-05-12 13:54:40'),(71,'合同列表','contract:list','button',8,1,'2026-05-15 09:01:55','2026-05-15 09:01:55'),(72,'新增合同','contract:add','button',8,2,'2026-05-15 09:01:55','2026-05-15 09:01:55'),(73,'编辑合同','contract:edit','button',8,3,'2026-05-15 09:01:55','2026-05-15 09:01:55'),(74,'删除合同','contract:delete','button',8,4,'2026-05-15 09:01:55','2026-05-15 09:01:55'),(75,'合同状态变更','contract:status','button',8,5,'2026-05-15 09:01:55','2026-05-15 09:01:55'),(76,'合同到期提醒','contract:remind','button',8,6,'2026-05-15 09:01:55','2026-05-15 09:01:55'),(77,'报修管理','repair','menu',5,4,'2026-05-15 13:07:16','2026-05-15 13:07:16'),(78,'报修列表','repair:list','button',77,1,'2026-05-15 13:07:16','2026-05-15 13:07:16'),(79,'新增报修','repair:add','button',77,2,'2026-05-15 13:07:16','2026-05-15 13:07:16'),(80,'编辑报修','repair:edit','button',77,3,'2026-05-15 13:07:16','2026-05-15 13:07:16'),(81,'删除报修','repair:delete','button',77,4,'2026-05-15 13:07:16','2026-05-15 13:07:16'),(82,'分配报修','repair:assign','button',77,5,'2026-05-15 13:07:16','2026-05-15 13:07:16'),(83,'处理报修','repair:process','button',77,6,'2026-05-15 13:07:16','2026-05-15 13:07:16'),(84,'确认报修','repair:confirm','button',77,7,'2026-05-15 13:07:16','2026-05-15 13:07:16'),(85,'异常处理','repair:exception','button',77,8,'2026-05-15 13:07:16','2026-05-15 13:07:16'),(86,'报修统计','repair:stats','button',77,9,'2026-05-15 13:07:16','2026-05-15 13:07:16'),(87,'导出报修','repair:export','button',77,10,'2026-05-15 13:07:16','2026-05-15 13:07:16'),(88,'统计分析','statistics','menu',5,5,'2026-05-18 09:42:05','2026-05-18 09:42:05'),(89,'客户统计','statistics:customer','button',88,1,'2026-05-18 09:42:05','2026-05-18 09:42:05'),(90,'报修统计','statistics:repair','button',88,2,'2026-05-18 09:42:05','2026-05-18 09:42:05'),(91,'拜访统计','statistics:visit','button',88,3,'2026-05-18 09:42:05','2026-05-18 09:42:05'),(92,'合同统计','statistics:contract','button',88,4,'2026-05-18 09:42:05','2026-05-18 09:42:05'),(93,'统计导出','statistics:export','button',88,5,'2026-05-18 09:42:05','2026-05-18 09:42:05'),(94,'拜访管理','visit','menu',5,6,'2026-05-18 15:44:26','2026-05-18 15:44:26'),(95,'拜访列表','visit:list','button',94,1,'2026-05-18 15:44:26','2026-05-18 15:44:26'),(96,'新增拜访','visit:add','button',94,2,'2026-05-18 15:44:26','2026-05-18 15:44:26'),(97,'编辑拜访','visit:edit','button',94,3,'2026-05-18 15:44:26','2026-05-18 15:44:26'),(98,'删除拜访','visit:delete','button',94,4,'2026-05-18 15:44:26','2026-05-18 15:44:26'),(99,'导出拜访','visit:export','button',94,5,'2026-05-18 15:44:26','2026-05-18 15:44:26'),(100,'财务管理','finance','menu',5,7,'2026-05-18 15:44:26','2026-05-18 15:44:26'),(101,'合同金额查看','finance:contract','button',100,1,'2026-05-18 15:44:26','2026-05-18 15:44:26'),(102,'费用查看','finance:expense','button',100,2,'2026-05-18 15:44:26','2026-05-18 15:44:26'),(103,'操作日志','log','menu',1,4,'2026-05-18 15:44:26','2026-05-18 15:44:26'),(104,'日志列表','log:list','button',103,1,'2026-05-18 15:44:26','2026-05-18 15:44:26'),(105,'导出日志','log:export','button',103,2,'2026-05-18 15:44:26','2026-05-18 15:44:26'),(106,'跟进列表','followup:list','button',7,8,'2026-05-21 12:14:51','2026-05-21 12:14:51'),(107,'新增跟进','followup:add','button',7,9,'2026-05-21 12:14:51','2026-05-21 12:14:51'),(108,'编辑跟进','followup:edit','button',7,10,'2026-05-21 12:14:51','2026-05-21 12:14:51'),(109,'删除跟进','followup:delete','button',7,11,'2026-05-21 12:14:51','2026-05-21 12:14:51'),(110,'导出跟进','followup:export','button',7,12,'2026-05-21 12:14:51','2026-05-21 12:14:51'),(111,'状态变更','followup:status','button',7,13,'2026-05-21 12:14:52','2026-05-21 12:14:52'),(112,'提醒设置','reminder','menu',1,5,'2026-05-22 08:59:45','2026-05-22 08:59:45'),(113,'提醒设置管理','reminder:setting','button',112,1,'2026-05-22 08:59:45','2026-05-22 08:59:45'),(114,'通知中心','notification','menu',1,6,'2026-05-22 08:59:45','2026-05-22 08:59:45'),(115,'通知列表','notification:list','button',114,1,'2026-05-22 08:59:45','2026-05-22 08:59:45'),(116,'数据备份','backup','menu',1,7,'2026-05-22 08:59:45','2026-05-22 08:59:45'),(117,'备份列表','backup:list','button',116,1,'2026-05-22 08:59:45','2026-05-22 08:59:45'),(118,'手动备份','backup:manual','button',116,2,'2026-05-22 08:59:45','2026-05-22 08:59:45'),(119,'导出备份','backup:export','button',116,3,'2026-05-22 08:59:45','2026-05-22 08:59:45'),(120,'删除备份','backup:delete','button',116,4,'2026-05-22 08:59:45','2026-05-22 08:59:45'),(121,'备份配置','backup:config','button',116,5,'2026-05-22 08:59:45','2026-05-22 08:59:45'),(122,'基础设置','settings','menu',0,4,'2026-05-22 09:34:29','2026-05-22 09:34:29'),(123,'提醒设置','settings:reminder','menu',122,1,'2026-05-22 09:34:29','2026-05-22 09:34:29'),(124,'查看提醒设置','settings:reminder:list','button',123,1,'2026-05-22 09:34:29','2026-05-22 09:34:29'),(125,'编辑提醒设置','settings:reminder:edit','button',123,2,'2026-05-22 09:34:29','2026-05-22 09:34:29'),(126,'数据备份','settings:backup','menu',122,2,'2026-05-22 09:34:29','2026-05-22 09:34:29'),(127,'查看备份','settings:backup:list','button',126,1,'2026-05-22 09:34:29','2026-05-22 09:34:29'),(128,'手动备份','settings:backup:manual','button',126,2,'2026-05-22 09:34:29','2026-05-22 09:34:29'),(129,'恢复数据','settings:backup:restore','button',126,3,'2026-05-22 09:34:29','2026-05-22 09:34:29'),(130,'删除备份','settings:backup:delete','button',126,4,'2026-05-22 09:34:29','2026-05-22 09:34:29'),(131,'自动备份配置','settings:backup:auto','button',126,5,'2026-05-22 09:34:29','2026-05-22 09:34:29');
/*!40000 ALTER TABLE `sys_permission` ENABLE KEYS */;
UNLOCK TABLES;

--
-- Table structure for table `sys_role`
--

DROP TABLE IF EXISTS `sys_role`;
/*!40101 SET @saved_cs_client     = @@character_set_client */;
/*!50503 SET character_set_client = utf8mb4 */;
CREATE TABLE `sys_role` (
  `id` bigint NOT NULL AUTO_INCREMENT COMMENT '主键ID',
  `name` varchar(50) NOT NULL COMMENT '角色名称',
  `tenant_id` bigint NOT NULL DEFAULT '0' COMMENT '租户ID，0为平台角色',
  `create_time` datetime DEFAULT CURRENT_TIMESTAMP COMMENT '创建时间',
  `update_time` datetime DEFAULT CURRENT_TIMESTAMP ON UPDATE CURRENT_TIMESTAMP COMMENT '更新时间',
  `deleted` tinyint(1) NOT NULL DEFAULT '0' COMMENT '逻辑删除: 0-未删除, 1-已删除',
  PRIMARY KEY (`id`),
  KEY `idx_tenant_id` (`tenant_id`)
) ENGINE=InnoDB AUTO_INCREMENT=20 DEFAULT CHARSET=utf8mb4 COLLATE=utf8mb4_0900_ai_ci COMMENT='系统角色表';
/*!40101 SET character_set_client = @saved_cs_client */;

--
-- Dumping data for table `sys_role`
--

LOCK TABLES `sys_role` WRITE;
/*!40000 ALTER TABLE `sys_role` DISABLE KEYS */;
INSERT INTO `sys_role` VALUES (1,'超级管理员',0,'2026-05-12 13:54:47','2026-05-12 13:54:47',0),(2,'管理员',0,'2026-05-18 16:53:31','2026-05-19 15:24:28',1),(3,'客户专员',0,'2026-05-18 16:53:32','2026-05-19 15:24:46',1),(4,'运维人员',0,'2026-05-18 16:53:32','2026-05-19 15:24:48',1),(5,'拜访人员',0,'2026-05-18 16:53:33','2026-05-19 15:24:43',1),(6,'财务',0,'2026-05-18 16:53:33','2026-05-19 15:24:44',1),(8,'租户管理员',2,'2026-05-19 14:44:47','2026-05-19 14:44:47',0),(9,'销售',0,'2026-05-19 15:20:33','2026-05-19 15:20:41',1),(10,'销售',0,'2026-05-19 15:21:08','2026-05-19 15:23:20',1),(11,'客户专员',2,'2026-05-19 15:26:03','2026-05-19 15:26:03',0),(12,'管理员',0,'2026-05-21 09:12:43','2026-05-21 09:13:45',1),(13,'客户专员',0,'2026-05-21 09:12:43','2026-05-21 09:13:33',1),(14,'运维人员',0,'2026-05-21 09:12:43','2026-05-21 09:13:35',1),(15,'拜访人员',0,'2026-05-21 09:12:43','2026-05-21 09:13:37',1),(16,'财务',0,'2026-05-21 09:12:43','2026-05-21 09:13:41',1),(17,'维修专员',2,'2026-05-21 13:47:52','2026-05-21 13:47:52',0),(18,'测试',0,'2026-05-25 12:26:29','2026-05-25 12:26:41',1),(19,'租户管理员',3,'2026-05-25 14:10:46','2026-05-25 14:10:46',0);
/*!40000 ALTER TABLE `sys_role` ENABLE KEYS */;
UNLOCK TABLES;

--
-- Table structure for table `sys_role_permission`
--

DROP TABLE IF EXISTS `sys_role_permission`;
/*!40101 SET @saved_cs_client     = @@character_set_client */;
/*!50503 SET character_set_client = utf8mb4 */;
CREATE TABLE `sys_role_permission` (
  `role_id` bigint NOT NULL COMMENT '角色ID',
  `permission_id` bigint NOT NULL COMMENT '权限ID',
  PRIMARY KEY (`role_id`,`permission_id`)
) ENGINE=InnoDB DEFAULT CHARSET=utf8mb4 COLLATE=utf8mb4_0900_ai_ci COMMENT='角色权限关联表';
/*!40101 SET character_set_client = @saved_cs_client */;

--
-- Dumping data for table `sys_role_permission`
--

LOCK TABLES `sys_role_permission` WRITE;
/*!40000 ALTER TABLE `sys_role_permission` DISABLE KEYS */;
INSERT INTO `sys_role_permission` VALUES (1,1),(1,2),(1,3),(1,4),(1,5),(1,7),(1,8),(1,11),(1,12),(1,13),(1,14),(1,21),(1,22),(1,23),(1,24),(1,31),(1,32),(1,33),(1,34),(1,51),(1,52),(1,53),(1,54),(1,55),(1,56),(1,57),(1,71),(1,72),(1,73),(1,74),(1,75),(1,76),(1,77),(1,78),(1,79),(1,80),(1,81),(1,82),(1,83),(1,84),(1,85),(1,86),(1,87),(1,88),(1,89),(1,90),(1,91),(1,92),(1,93),(1,94),(1,95),(1,96),(1,97),(1,98),(1,99),(1,100),(1,101),(1,102),(1,103),(1,104),(1,105),(1,106),(1,107),(1,108),(1,109),(1,110),(1,111),(1,112),(1,113),(1,114),(1,115),(1,116),(1,117),(1,118),(1,119),(1,120),(1,121),(1,122),(1,123),(1,124),(1,125),(1,126),(1,127),(1,128),(1,129),(1,130),(1,131),(8,21),(8,22),(8,23),(8,24),(8,31),(8,32),(8,33),(8,34),(8,51),(8,52),(8,53),(8,54),(8,55),(8,56),(8,57),(8,71),(8,72),(8,73),(8,74),(8,75),(8,76),(8,78),(8,79),(8,80),(8,81),(8,82),(8,83),(8,84),(8,85),(8,86),(8,87),(8,89),(8,90),(8,91),(8,92),(8,93),(8,95),(8,96),(8,97),(8,98),(8,99),(8,101),(8,102),(8,104),(8,105),(8,106),(8,107),(8,108),(8,109),(8,110),(8,111),(8,124),(8,125),(8,127),(8,128),(8,129),(8,130),(8,131),(11,5),(11,7),(11,8),(11,51),(11,52),(11,53),(11,54),(11,55),(11,56),(11,57),(11,71),(11,72),(11,73),(11,75),(11,76),(11,88),(11,89),(11,90),(11,91),(11,92),(11,93),(11,94),(11,95),(11,96),(11,97),(11,98),(11,99),(11,100),(11,101),(11,102),(11,106),(11,107),(11,108),(11,110),(11,111),(11,122),(11,123),(11,124),(11,125),(11,126),(11,127),(11,128),(11,129),(11,130),(11,131),(17,5),(17,77),(17,78),(17,79),(17,80),(17,82),(17,83),(17,84),(17,85),(17,86),(17,87),(17,88),(17,90),(17,122),(17,123),(17,124),(17,125),(17,126),(17,127),(17,128),(17,129),(17,130),(17,131);
/*!40000 ALTER TABLE `sys_role_permission` ENABLE KEYS */;
UNLOCK TABLES;

--
-- Table structure for table `sys_tenant`
--

DROP TABLE IF EXISTS `sys_tenant`;
/*!40101 SET @saved_cs_client     = @@character_set_client */;
/*!50503 SET character_set_client = utf8mb4 */;
CREATE TABLE `sys_tenant` (
  `id` bigint NOT NULL AUTO_INCREMENT COMMENT '主键ID，即租户ID',
  `name` varchar(100) NOT NULL COMMENT '租户名称（公司名称）',
  `code` varchar(50) NOT NULL COMMENT '租户编码，唯一标识',
  `status` tinyint(1) NOT NULL DEFAULT '1' COMMENT '状态: 1-启用, 0-禁用',
  `admin_user_id` bigint DEFAULT NULL COMMENT '关联的管理员用户ID',
  `admin_password` varchar(50) DEFAULT NULL COMMENT '管理员初始密码',
  `create_time` datetime DEFAULT CURRENT_TIMESTAMP COMMENT '创建时间',
  `update_time` datetime DEFAULT CURRENT_TIMESTAMP ON UPDATE CURRENT_TIMESTAMP COMMENT '更新时间',
  PRIMARY KEY (`id`),
  UNIQUE KEY `uk_code` (`code`)
) ENGINE=InnoDB AUTO_INCREMENT=4 DEFAULT CHARSET=utf8mb4 COLLATE=utf8mb4_0900_ai_ci COMMENT='租户信息表';
/*!40101 SET character_set_client = @saved_cs_client */;

--
-- Dumping data for table `sys_tenant`
--

LOCK TABLES `sys_tenant` WRITE;
/*!40000 ALTER TABLE `sys_tenant` DISABLE KEYS */;
INSERT INTO `sys_tenant` VALUES (2,'1','1',1,3,'123456','2026-05-19 14:44:47','2026-05-19 14:44:47'),(3,'2','2',0,8,'123456','2026-05-25 14:10:46','2026-05-25 14:10:46');
/*!40000 ALTER TABLE `sys_tenant` ENABLE KEYS */;
UNLOCK TABLES;

--
-- Table structure for table `sys_user`
--

DROP TABLE IF EXISTS `sys_user`;
/*!40101 SET @saved_cs_client     = @@character_set_client */;
/*!50503 SET character_set_client = utf8mb4 */;
CREATE TABLE `sys_user` (
  `id` bigint NOT NULL AUTO_INCREMENT COMMENT '主键ID',
  `username` varchar(50) NOT NULL COMMENT '用户名，登录用',
  `password` varchar(200) NOT NULL COMMENT '密码，BCrypt加密存储',
  `role_id` bigint DEFAULT NULL COMMENT '角色ID，关联sys_role.id',
  `tenant_id` bigint NOT NULL DEFAULT '0' COMMENT '租户ID，超级账户为0',
  `real_name` varchar(50) DEFAULT NULL COMMENT '真实姓名',
  `status` tinyint(1) NOT NULL DEFAULT '1' COMMENT '状态: 1-启用, 0-禁用',
  `create_time` datetime DEFAULT CURRENT_TIMESTAMP COMMENT '创建时间',
  `update_time` datetime DEFAULT CURRENT_TIMESTAMP ON UPDATE CURRENT_TIMESTAMP COMMENT '更新时间',
  `deleted` tinyint(1) NOT NULL DEFAULT '0' COMMENT '逻辑删除: 0-未删除, 1-已删除',
  PRIMARY KEY (`id`),
  UNIQUE KEY `uk_username` (`username`),
  KEY `idx_tenant_id` (`tenant_id`),
  KEY `idx_role_id` (`role_id`)
) ENGINE=InnoDB AUTO_INCREMENT=9 DEFAULT CHARSET=utf8mb4 COLLATE=utf8mb4_0900_ai_ci COMMENT='系统用户表';
/*!40101 SET character_set_client = @saved_cs_client */;

--
-- Dumping data for table `sys_user`
--

LOCK TABLES `sys_user` WRITE;
/*!40000 ALTER TABLE `sys_user` DISABLE KEYS */;
INSERT INTO `sys_user` VALUES (1,'admin','$2a$10$nIYbC1lo0PNaSmNCW0rfiOyE4BzLRRdKc2MJf81/1kJPnJ9UMGmNW',1,0,'超级管理员',1,'2026-05-12 13:54:47','2026-05-12 13:54:47',0),(3,'admin1','$2a$10$Qnj6kCVYwkS4uIbzZ0JYNet2mrpgd6JQnYJXaH74uF7.Zm15f.aW6',8,2,'1管理员',1,'2026-05-19 14:44:47','2026-05-19 14:44:47',0),(4,'yycz','$2a$10$KUq0cT0r2QMMtd662lHSHOE4Q8tSeHcZHqsNDQdqn4LNBHLveLek2',17,2,'ycz',1,'2026-05-19 15:26:22','2026-05-19 15:26:22',0),(5,'111','$2a$10$40mYJv8.iaW2kM.GlAqyK.HqlQ2AN85dVZ5OnH2..sbuWslTJd.Wm',11,2,'ycz',1,'2026-05-21 13:48:49','2026-05-21 13:48:49',0),(6,'test_tenant_admin_1779687577147','$2a$10$HWdI84862oK2t3mivKUr3eBPU1dcI9DPBgS06uW3BXHyQWaxxrA4O',1,100,'测试租户管理员',1,'2026-05-25 13:39:37','2026-05-25 13:39:37',1),(7,'test_employee_1779687577432','$2a$10$HlNZEAGkHe6iZl1/kulq4OslYs86TtrUEpnmhdRdfQ3IFaFGluGyW',2,1,'测试员工',1,'2026-05-25 13:39:37','2026-05-25 13:39:37',1),(8,'admin2','$2a$10$OM.U4p8SIaqkV1x3236sj.vkSGo//csfL/aZ383G8oIByTSwnulxK',19,3,'2管理员',1,'2026-05-25 14:10:46','2026-05-25 14:10:46',0);
/*!40000 ALTER TABLE `sys_user` ENABLE KEYS */;
UNLOCK TABLES;

--
-- Dumping routines for database 'saaslearn'
--
/*!40103 SET TIME_ZONE=@OLD_TIME_ZONE */;

/*!40101 SET SQL_MODE=@OLD_SQL_MODE */;
/*!40014 SET FOREIGN_KEY_CHECKS=@OLD_FOREIGN_KEY_CHECKS */;
/*!40014 SET UNIQUE_CHECKS=@OLD_UNIQUE_CHECKS */;
/*!40101 SET CHARACTER_SET_CLIENT=@OLD_CHARACTER_SET_CLIENT */;
/*!40101 SET CHARACTER_SET_RESULTS=@OLD_CHARACTER_SET_RESULTS */;
/*!40101 SET COLLATION_CONNECTION=@OLD_COLLATION_CONNECTION */;
/*!40111 SET SQL_NOTES=@OLD_SQL_NOTES */;

-- Dump completed on 2026-05-26 11:06:46
